,vid,start,end,label_1,label_2,label_3,label_4,label_5,label_6,label_7,label_8,label_9,label_10,label_11,label_12,label_13,label_14,label_15
40,--1l6WGE7AU,30,40, /m/02qldy,/m/05zppz,/m/09x0r ,0,0,0,0,0,0,0,0,0.0,0.0,0.0,0.0
120,--6STvL0FXE,30,40, /m/02qldy,/m/05zppz,/m/09x0r ,0,0,0,0,0,0,0,0,0.0,0.0,0.0,0.0
135,--7UmfOkRbM,30,40, /m/02qldy,/m/05zppz,/m/09x0r ,0,0,0,0,0,0,0,0,0.0,0.0,0.0,0.0
299,--HuBNHXu9I,30,40, /m/02qldy,/m/05zppz,/m/09x0r ,0,0,0,0,0,0,0,0,0.0,0.0,0.0,0.0
353,--KR9VeFjSs,30,40, /m/02qldy,/m/05zppz,/m/09x0r ,0,0,0,0,0,0,0,0,0.0,0.0,0.0,0.0
406,--Nu0Zp5uSA,30,40, /m/02qldy,/m/05zppz,/m/09x0r ,0,0,0,0,0,0,0,0,0.0,0.0,0.0,0.0
515,--U21ZpqhcI,30,40, /m/02qldy,/m/05zppz,/m/09x0r ,0,0,0,0,0,0,0,0,0.0,0.0,0.0,0.0
567,--Y72SFAlek,30,40, /m/02qldy,/m/05zppz,/m/09x0r,/m/0brhx ,0,0,0,0,0,0,0,0.0,0.0,0.0,0.0
629,--bMrwySyI8,30,40, /m/02qldy,/m/05zppz,/m/09x0r ,0,0,0,0,0,0,0,0,0.0,0.0,0.0,0.0
681,--f4Zx92FcY,30,40, /m/02qldy,/m/05zppz,/m/09x0r ,0,0,0,0,0,0,0,0,0.0,0.0,0.0,0.0
848,--qEmwsjbkw,30,40, /m/02qldy,/m/05zppz,/m/09x0r ,0,0,0,0,0,0,0,0,0.0,0.0,0.0,0.0
1043,-02YSCOiYzg,30,40, /m/02qldy,/m/05zppz,/m/09x0r ,0,0,0,0,0,0,0,0,0.0,0.0,0.0,0.0
1294,-0JimrDLSD4,30,40, /m/02qldy,/m/05zppz,/m/09x0r,/m/0brhx ,0,0,0,0,0,0,0,0.0,0.0,0.0,0.0
1354,-0NxpZlO348,30,40, /m/01h8n0,/m/05zppz,/m/09x0r ,0,0,0,0,0,0,0,0,0.0,0.0,0.0,0.0
1356,-0O7GsELcIQ,30,40, /m/02qldy,/m/05zppz,/m/09x0r ,0,0,0,0,0,0,0,0,0.0,0.0,0.0,0.0
1382,-0Q2JWjbmLM,30,40, /m/02qldy,/m/05zppz,/m/09x0r ,0,0,0,0,0,0,0,0,0.0,0.0,0.0,0.0
1517,-0Y5M39myZY,30,40, /m/02qldy,/m/05zppz,/m/09x0r ,0,0,0,0,0,0,0,0,0.0,0.0,0.0,0.0
1582,-0b6o6CCL1E,30,40, /m/02qldy,/m/05zppz,/m/09x0r ,0,0,0,0,0,0,0,0,0.0,0.0,0.0,0.0
1627,-0dRRnf4umU,30,40, /m/02qldy,/m/05zppz,/m/09x0r ,0,0,0,0,0,0,0,0,0.0,0.0,0.0,0.0
1951,-1-E--PSOCo,30,40, /m/02qldy,/m/05zppz,/m/09x0r ,0,0,0,0,0,0,0,0,0.0,0.0,0.0,0.0
2037,-14IPlD0M-I,30,40, /m/02qldy,/m/05zppz,/m/09x0r ,0,0,0,0,0,0,0,0,0.0,0.0,0.0,0.0
2314,-1LVzn2C-yQ,30,40, /m/02qldy,/m/05zppz,/m/09x0r ,0,0,0,0,0,0,0,0,0.0,0.0,0.0,0.0
2453,-1UcysYcIKg,30,40, /m/02qldy,/m/05zppz,/m/09x0r ,0,0,0,0,0,0,0,0,0.0,0.0,0.0,0.0
2472,-1VjBaAlKxw,30,40, /m/02qldy,/m/05zppz,/m/09x0r ,0,0,0,0,0,0,0,0,0.0,0.0,0.0,0.0
2647,-1gFmvqgjDE,30,40, /m/02qldy,/m/05zppz,/m/09x0r ,0,0,0,0,0,0,0,0,0.0,0.0,0.0,0.0
2691,-1ijhWgHCkk,30,40, /m/02qldy,/m/05zppz,/m/09x0r ,0,0,0,0,0,0,0,0,0.0,0.0,0.0,0.0
2780,-1pHbwCSAJ4,30,40, /m/02qldy,/m/05zppz,/m/09x0r ,0,0,0,0,0,0,0,0,0.0,0.0,0.0,0.0
2862,-1ua-LaquHE,30,40, /m/02qldy,/m/05zppz,/m/09x0r ,0,0,0,0,0,0,0,0,0.0,0.0,0.0,0.0
2894,-1w9_EjwyHk,30,40, /m/02qldy,/m/05zppz,/m/09x0r ,0,0,0,0,0,0,0,0,0.0,0.0,0.0,0.0
3234,-2Ha-_EgvO4,30,40, /m/02qldy,/m/05zppz,/m/09x0r ,0,0,0,0,0,0,0,0,0.0,0.0,0.0,0.0
3350,-2OpMzScbDU,30,40, /m/02qldy,/m/05zppz,/m/09x0r,/m/0brhx ,0,0,0,0,0,0,0,0.0,0.0,0.0,0.0
3528,-2aA-dp9B5I,30,40, /m/02qldy,/m/05zppz,/m/09x0r ,0,0,0,0,0,0,0,0,0.0,0.0,0.0,0.0
3562,-2coT4uowyU,30,40, /m/02qldy,/m/05zppz,/m/09x0r ,0,0,0,0,0,0,0,0,0.0,0.0,0.0,0.0
3570,-2dIEKebRDE,30,40, /m/02qldy,/m/05zppz,/m/09x0r ,0,0,0,0,0,0,0,0,0.0,0.0,0.0,0.0
3622,-2gtDqFDHQE,30,40, /m/02qldy,/m/05zppz,/m/09x0r ,0,0,0,0,0,0,0,0,0.0,0.0,0.0,0.0
3711,-2mdF47kZ2o,30,40, /m/02qldy,/m/05zppz,/m/09x0r ,0,0,0,0,0,0,0,0,0.0,0.0,0.0,0.0
3816,-2seVv9Yswg,30,40, /m/02qldy,/m/05zppz,/m/09x0r ,0,0,0,0,0,0,0,0,0.0,0.0,0.0,0.0
3842,-2u4hw6oLyI,30,40, /m/02qldy,/m/05zppz,/m/09x0r ,0,0,0,0,0,0,0,0,0.0,0.0,0.0,0.0
3987,-319SGjCMGA,30,40, /m/02qldy,/m/05zppz,/m/09x0r ,0,0,0,0,0,0,0,0,0.0,0.0,0.0,0.0
3991,-31gkaJsxIc,30,40, /m/01h8n0,/m/05zppz,/m/09x0r ,0,0,0,0,0,0,0,0,0.0,0.0,0.0,0.0
4161,-3EeioNUMUo,0,5, /m/02qldy,/m/05zppz,/m/09x0r ,0,0,0,0,0,0,0,0,0.0,0.0,0.0,0.0
4391,-3VjHdukBO8,30,40, /m/02qldy,/m/05zppz,/m/09x0r ,0,0,0,0,0,0,0,0,0.0,0.0,0.0,0.0
4430,-3Y7UpepHrU,30,40, /m/02qldy,/m/05zppz,/m/09x0r ,0,0,0,0,0,0,0,0,0.0,0.0,0.0,0.0
4481,-3_lkimHOpc,30,40, /m/02qldy,/m/05zppz,/m/09x0r ,0,0,0,0,0,0,0,0,0.0,0.0,0.0,0.0
4617,-3jhHgFEUp4,30,40, /m/02qldy,/m/05zppz,/m/09x0r ,0,0,0,0,0,0,0,0,0.0,0.0,0.0,0.0
4740,-3rT1s94s3c,30,40, /m/02qldy,/m/05zppz,/m/09x0r ,0,0,0,0,0,0,0,0,0.0,0.0,0.0,0.0
4885,-3zdszDDTrg,30,40, /m/02qldy,/m/05zppz,/m/09x0r ,0,0,0,0,0,0,0,0,0.0,0.0,0.0,0.0
4908,-4-rtJzyJ1g,30,40, /m/02qldy,/m/05zppz,/m/09x0r ,0,0,0,0,0,0,0,0,0.0,0.0,0.0,0.0
4931,-41SXF4cmdM,30,40, /m/02qldy,/m/05zppz,/m/09x0r ,0,0,0,0,0,0,0,0,0.0,0.0,0.0,0.0
4937,-41h99KpEwE,30,40, /m/02qldy,/m/05zppz,/m/09x0r ,0,0,0,0,0,0,0,0,0.0,0.0,0.0,0.0
4982,-45Wo-6lCv4,30,40, /m/02qldy,/m/05zppz,/m/09x0r ,0,0,0,0,0,0,0,0,0.0,0.0,0.0,0.0
5148,-4Hk4Mei6a8,30,40, /m/02qldy,/m/05zppz,/m/09x0r ,0,0,0,0,0,0,0,0,0.0,0.0,0.0,0.0
5272,-4Puy4lAF1M,30,40, /m/02qldy,/m/05zppz,/m/09x0r ,0,0,0,0,0,0,0,0,0.0,0.0,0.0,0.0
5336,-4Ual_G0QG4,30,40, /m/02qldy,/m/05zppz,/m/09x0r ,0,0,0,0,0,0,0,0,0.0,0.0,0.0,0.0
5423,-4ZxyJgbtpA,30,40, /m/02qldy,/m/05zppz,/m/09x0r ,0,0,0,0,0,0,0,0,0.0,0.0,0.0,0.0
5648,-4p4mZRIJ1s,30,40, /m/02qldy,/m/05zppz,/m/09x0r ,0,0,0,0,0,0,0,0,0.0,0.0,0.0,0.0
5992,-59Oa7KdvDk,30,40, /m/02qldy,/m/05zppz,/m/09x0r ,0,0,0,0,0,0,0,0,0.0,0.0,0.0,0.0
6336,-5TlMbSgt6M,30,40, /m/02qldy,/m/05zppz,/m/09x0r ,0,0,0,0,0,0,0,0,0.0,0.0,0.0,0.0
6358,-5V8y8dngmg,30,40, /m/02qldy,/m/05zppz,/m/09x0r ,0,0,0,0,0,0,0,0,0.0,0.0,0.0,0.0
6544,-5gRi1NPsQE,30,40, /m/02qldy,/m/05zppz,/m/09x0r ,0,0,0,0,0,0,0,0,0.0,0.0,0.0,0.0
6589,-5j-oj5ID-I,30,40, /m/02qldy,/m/05zppz,/m/09x0r ,0,0,0,0,0,0,0,0,0.0,0.0,0.0,0.0
6750,-5tNCVXXhYQ,30,40, /m/02qldy,/m/05zppz,/m/09x0r ,0,0,0,0,0,0,0,0,0.0,0.0,0.0,0.0
6798,-5wSbUe_xf0,30,40, /m/02qldy,/m/05zppz,/m/09x0r ,0,0,0,0,0,0,0,0,0.0,0.0,0.0,0.0
6817,-5xxN-i5ZIE,30,40, /m/04rlf,/m/05zppz,/m/09x0r ,0,0,0,0,0,0,0,0,0.0,0.0,0.0,0.0
6840,-5zAKEhbRTM,30,40, /m/02qldy,/m/05zppz,/m/09x0r ,0,0,0,0,0,0,0,0,0.0,0.0,0.0,0.0
6929,-63otBjL_pY,30,40, /m/02qldy,/m/05zppz,/m/09x0r ,0,0,0,0,0,0,0,0,0.0,0.0,0.0,0.0
6991,-67PhVD0x6g,30,40, /m/02qldy,/m/05zppz,/m/09x0r ,0,0,0,0,0,0,0,0,0.0,0.0,0.0,0.0
7115,-6GEKR3Iq2Y,30,40, /m/02qldy,/m/05zppz,/m/09x0r ,0,0,0,0,0,0,0,0,0.0,0.0,0.0,0.0
7302,-6SIQ5CkmmY,30,40, /m/02qldy,/m/05zppz,/m/09x0r ,0,0,0,0,0,0,0,0,0.0,0.0,0.0,0.0
7333,-6UermAGNuo,30,40, /m/02qldy,/m/05zppz,/m/09x0r ,0,0,0,0,0,0,0,0,0.0,0.0,0.0,0.0
7342,-6VFTlZsft4,30,40, /m/02qldy,/m/05zppz,/m/09x0r ,0,0,0,0,0,0,0,0,0.0,0.0,0.0,0.0
7376,-6X4xd4ggsM,30,40, /m/02qldy,/m/05zppz,/m/09x0r ,0,0,0,0,0,0,0,0,0.0,0.0,0.0,0.0
7480,-6dWquklC08,30,40, /m/02qldy,/m/05zppz,/m/09x0r ,0,0,0,0,0,0,0,0,0.0,0.0,0.0,0.0
7735,-6u9AZ3_clM,30,40, /m/02qldy,/m/05zppz,/m/09x0r ,0,0,0,0,0,0,0,0,0.0,0.0,0.0,0.0
7865,-714doUQec4,30,40, /m/01h8n0,/m/05zppz,/m/09x0r ,0,0,0,0,0,0,0,0,0.0,0.0,0.0,0.0
7917,-74VNtYbm88,30,40, /m/02qldy,/m/05zppz,/m/09x0r ,0,0,0,0,0,0,0,0,0.0,0.0,0.0,0.0
7974,-7884X3Z6b4,30,40, /m/02qldy,/m/05zppz,/m/09x0r ,0,0,0,0,0,0,0,0,0.0,0.0,0.0,0.0
8188,-7KUhFgzofk,30,40, /m/02qldy,/m/05zppz,/m/09x0r ,0,0,0,0,0,0,0,0,0.0,0.0,0.0,0.0
8328,-7T7NoyP3ww,30,40, /m/02qldy,/m/05zppz,/m/09x0r ,0,0,0,0,0,0,0,0,0.0,0.0,0.0,0.0
8586,-7kDbrnkQBQ,30,40, /m/02qldy,/m/05zppz,/m/09x0r ,0,0,0,0,0,0,0,0,0.0,0.0,0.0,0.0
8644,-7o4Z_nZ43A,21,31, /m/02qldy,/m/05zppz,/m/09x0r,/m/0brhx ,0,0,0,0,0,0,0,0.0,0.0,0.0,0.0
8706,-7t8MB_e7Wg,30,40, /m/02qldy,/m/05zppz,/m/09x0r ,0,0,0,0,0,0,0,0,0.0,0.0,0.0,0.0
8859,-81q2Ugx54Y,22,32, /m/02qldy,/m/05zppz,/m/09x0r ,0,0,0,0,0,0,0,0,0.0,0.0,0.0,0.0
9276,-8Ts7zt3Uhw,30,40, /m/02qldy,/m/05zppz,/m/09x0r ,0,0,0,0,0,0,0,0,0.0,0.0,0.0,0.0
9452,-8dIJQqA8Uk,30,40, /m/02qldy,/m/05zppz,/m/09x0r ,0,0,0,0,0,0,0,0,0.0,0.0,0.0,0.0
9557,-8js0lxTLvU,30,40, /m/02qldy,/m/05zppz,/m/09x0r ,0,0,0,0,0,0,0,0,0.0,0.0,0.0,0.0
9571,-8khU075HT4,30,40, /m/02qldy,/m/05zppz,/m/09x0r ,0,0,0,0,0,0,0,0,0.0,0.0,0.0,0.0
9723,-8vNZgUbZPA,30,40, /m/02qldy,/m/05zppz,/m/09x0r ,0,0,0,0,0,0,0,0,0.0,0.0,0.0,0.0
9739,-8wCzX0fCgg,30,40, /m/02qldy,/m/05zppz,/m/09x0r ,0,0,0,0,0,0,0,0,0.0,0.0,0.0,0.0
9835,-91YNgiNXkA,30,40, /m/02qldy,/m/05zppz,/m/09x0r ,0,0,0,0,0,0,0,0,0.0,0.0,0.0,0.0
9845,-91yRMVzxkk,30,40, /m/02qldy,/m/05zppz,/m/09x0r ,0,0,0,0,0,0,0,0,0.0,0.0,0.0,0.0
10158,-9NQuRmt9M4,30,40, /m/02qldy,/m/05zppz,/m/09x0r ,0,0,0,0,0,0,0,0,0.0,0.0,0.0,0.0
10283,-9UmHhoiSXE,30,40, /m/02qldy,/m/05zppz,/m/09x0r ,0,0,0,0,0,0,0,0,0.0,0.0,0.0,0.0
10394,-9adQ250thM,30,40, /m/02qldy,/m/05zppz,/m/09x0r ,0,0,0,0,0,0,0,0,0.0,0.0,0.0,0.0
10410,-9cHxEuPfqk,30,40, /m/02qldy,/m/05zppz,/m/09x0r ,0,0,0,0,0,0,0,0,0.0,0.0,0.0,0.0
10487,-9hFRcpegyU,30,40, /m/02qldy,/m/05zppz,/m/09x0r,/m/0brhx ,0,0,0,0,0,0,0,0.0,0.0,0.0,0.0
10519,-9jNzPLL4Ac,30,40, /m/02qldy,/m/05zppz,/m/09x0r ,0,0,0,0,0,0,0,0,0.0,0.0,0.0,0.0
10851,-A3jpHw8hsU,30,40, /m/02qldy,/m/05zppz,/m/09x0r ,0,0,0,0,0,0,0,0,0.0,0.0,0.0,0.0
10868,-A58a467CRw,30,40, /m/02qldy,/m/05zppz,/m/09x0r ,0,0,0,0,0,0,0,0,0.0,0.0,0.0,0.0
10870,-A5MLGdIEOI,30,40, /m/02qldy,/m/05zppz,/m/09x0r ,0,0,0,0,0,0,0,0,0.0,0.0,0.0,0.0
10872,-A5Ozm4-tBM,30,40, /m/02qldy,/m/05zppz,/m/09x0r ,0,0,0,0,0,0,0,0,0.0,0.0,0.0,0.0
11044,-AGGEFbj8KM,30,40, /m/02qldy,/m/05zppz,/m/09x0r ,0,0,0,0,0,0,0,0,0.0,0.0,0.0,0.0
11050,-AGVc8gKQe8,30,40, /m/02qldy,/m/05zppz,/m/09x0r ,0,0,0,0,0,0,0,0,0.0,0.0,0.0,0.0
11052,-AGblYPZlzQ,30,40, /m/02qldy,/m/05zppz,/m/09x0r ,0,0,0,0,0,0,0,0,0.0,0.0,0.0,0.0
11132,-AMMu6i5E6c,30,40, /m/02qldy,/m/05zppz,/m/09x0r ,0,0,0,0,0,0,0,0,0.0,0.0,0.0,0.0
11245,-AT96uHCxuc,30,40, /m/02qldy,/m/05zppz,/m/09x0r ,0,0,0,0,0,0,0,0,0.0,0.0,0.0,0.0
11293,-AWN7tSV9R4,30,40, /m/02qldy,/m/05zppz,/m/09x0r ,0,0,0,0,0,0,0,0,0.0,0.0,0.0,0.0
11674,-ArF9r5FgoE,30,40, /m/02qldy,/m/05zppz,/m/09x0r ,0,0,0,0,0,0,0,0,0.0,0.0,0.0,0.0
11702,-At0DIIIDsw,30,40, /m/02qldy,/m/05zppz,/m/09x0r ,0,0,0,0,0,0,0,0,0.0,0.0,0.0,0.0
11756,-AwO5ycyKRU,30,40, /m/02qldy,/m/05zppz,/m/09x0r ,0,0,0,0,0,0,0,0,0.0,0.0,0.0,0.0
11878,-B3fTAkHT0g,30,40, /m/02qldy,/m/05zppz,/m/09x0r ,0,0,0,0,0,0,0,0,0.0,0.0,0.0,0.0
12007,-BCSoHWFZKs,30,40, /m/02qldy,/m/05zppz,/m/09x0r ,0,0,0,0,0,0,0,0,0.0,0.0,0.0,0.0
12172,-BLQ7_I4BhI,30,40, /m/02qldy,/m/05zppz,/m/09x0r ,0,0,0,0,0,0,0,0,0.0,0.0,0.0,0.0
12238,-BQU6akf0qQ,30,40, /m/02qldy,/m/05zppz,/m/09x0r ,0,0,0,0,0,0,0,0,0.0,0.0,0.0,0.0
12255,-BRpuLsiTuw,30,40, /m/02qldy,/m/05zppz,/m/09x0r ,0,0,0,0,0,0,0,0,0.0,0.0,0.0,0.0
12450,-Bc2GgHj-fk,30,40, /m/02qldy,/m/05zppz,/m/09x0r ,0,0,0,0,0,0,0,0,0.0,0.0,0.0,0.0
12526,-Bh_mDz-834,30,40, /m/02qldy,/m/05zppz,/m/09x0r ,0,0,0,0,0,0,0,0,0.0,0.0,0.0,0.0
12770,-BxHbvWUGms,30,40, /m/02qldy,/m/05zppz,/m/09x0r ,0,0,0,0,0,0,0,0,0.0,0.0,0.0,0.0
12900,-C4DCeAVFco,30,40, /m/02qldy,/m/05zppz,/m/09x0r ,0,0,0,0,0,0,0,0,0.0,0.0,0.0,0.0
13028,-CBhb_tQ4vU,30,40, /m/02qldy,/m/05zppz,/m/09x0r ,0,0,0,0,0,0,0,0,0.0,0.0,0.0,0.0
13149,-CIjHzlSUp8,30,40, /m/02qldy,/m/05zppz,/m/09x0r ,0,0,0,0,0,0,0,0,0.0,0.0,0.0,0.0
13158,-CJBQxrsxkg,30,40, /m/02qldy,/m/05zppz,/m/09x0r ,0,0,0,0,0,0,0,0,0.0,0.0,0.0,0.0
13195,-CLAtFI_EQI,30,40, /m/02qldy,/m/05zppz,/m/09x0r ,0,0,0,0,0,0,0,0,0.0,0.0,0.0,0.0
13394,-CZHTNnapBE,30,40, /m/02qldy,/m/05zppz,/m/09x0r ,0,0,0,0,0,0,0,0,0.0,0.0,0.0,0.0
13421,-C_WeAitxw0,30,40, /m/02qldy,/m/05zppz,/m/09x0r ,0,0,0,0,0,0,0,0,0.0,0.0,0.0,0.0
13506,-CeK48FUjKc,30,40, /m/02qldy,/m/05zppz,/m/09x0r ,0,0,0,0,0,0,0,0,0.0,0.0,0.0,0.0
13593,-Ck_8hCeWC0,30,40, /m/02qldy,/m/05zppz,/m/09x0r ,0,0,0,0,0,0,0,0,0.0,0.0,0.0,0.0
13612,-Clf9NLbd9c,30,40, /m/02qldy,/m/05zppz,/m/09x0r ,0,0,0,0,0,0,0,0,0.0,0.0,0.0,0.0
13629,-Cn1vA-_mNQ,30,40, /m/02qldy,/m/05zppz,/m/09x0r ,0,0,0,0,0,0,0,0,0.0,0.0,0.0,0.0
13697,-Cq_fnglYpI,30,40, /m/02qldy,/m/05zppz,/m/09x0r ,0,0,0,0,0,0,0,0,0.0,0.0,0.0,0.0
14050,-DB8qYAoU-g,30,40, /m/02qldy,/m/05zppz,/m/09x0r ,0,0,0,0,0,0,0,0,0.0,0.0,0.0,0.0
14131,-DGIksQszQ0,30,40, /m/02qldy,/m/05zppz,/m/09x0r ,0,0,0,0,0,0,0,0,0.0,0.0,0.0,0.0
14397,-DXYTmYqglE,30,40, /m/02qldy,/m/05zppz,/m/09x0r ,0,0,0,0,0,0,0,0,0.0,0.0,0.0,0.0
14814,-DzoLpTJXjs,30,40, /m/02qldy,/m/05zppz,/m/09x0r ,0,0,0,0,0,0,0,0,0.0,0.0,0.0,0.0
14819,-E-Bd2J7Efo,30,40, /m/02qldy,/m/05zppz,/m/09x0r ,0,0,0,0,0,0,0,0,0.0,0.0,0.0,0.0
14889,-E3r0kUGfoc,30,40, /m/02qldy,/m/05zppz,/m/09x0r ,0,0,0,0,0,0,0,0,0.0,0.0,0.0,0.0
14907,-E4bXKgWPAE,30,40, /m/02qldy,/m/05zppz,/m/09x0r ,0,0,0,0,0,0,0,0,0.0,0.0,0.0,0.0
14968,-E8-Jl8mwM0,30,40, /m/02qldy,/m/05zppz,/m/09x0r ,0,0,0,0,0,0,0,0,0.0,0.0,0.0,0.0
15328,-EWyYYBHsbQ,30,40, /m/02qldy,/m/05zppz,/m/09x0r ,0,0,0,0,0,0,0,0,0.0,0.0,0.0,0.0
15437,-EcacXewbZw,30,40, /m/02qldy,/m/05zppz,/m/09x0r ,0,0,0,0,0,0,0,0,0.0,0.0,0.0,0.0
15486,-EgLNFFxfM8,30,40, /m/02qldy,/m/05zppz,/m/09x0r ,0,0,0,0,0,0,0,0,0.0,0.0,0.0,0.0
15691,-EsCFzhpfCI,30,40, /m/02qldy,/m/05zppz,/m/09x0r ,0,0,0,0,0,0,0,0,0.0,0.0,0.0,0.0
15724,-EuvO0H9Dgk,30,40, /m/04rlf,/m/05zppz,/m/09x0r ,0,0,0,0,0,0,0,0,0.0,0.0,0.0,0.0
15905,-F6_LJhZmdM,30,40, /m/02qldy,/m/05zppz,/m/09x0r ,0,0,0,0,0,0,0,0,0.0,0.0,0.0,0.0
15972,-FA_eHMHKjY,30,40, /m/02qldy,/m/05zppz,/m/09x0r ,0,0,0,0,0,0,0,0,0.0,0.0,0.0,0.0
16029,-FE6uOqN2OA,30,40, /m/02qldy,/m/05zppz,/m/09x0r ,0,0,0,0,0,0,0,0,0.0,0.0,0.0,0.0
16266,-FUekNGdqWA,0,9, /m/01h8n0,/m/05zppz,/m/09x0r ,0,0,0,0,0,0,0,0,0.0,0.0,0.0,0.0
16437,-FdpRMw2CYs,30,40, /m/02qldy,/m/05zppz,/m/09x0r ,0,0,0,0,0,0,0,0,0.0,0.0,0.0,0.0
16521,-Fk75FfKbaI,30,40, /m/02qldy,/m/05zppz,/m/09x0r,/m/0brhx ,0,0,0,0,0,0,0,0.0,0.0,0.0,0.0
16753,-FxwuOlIthU,30,40, /m/02qldy,/m/05zppz,/m/09x0r ,0,0,0,0,0,0,0,0,0.0,0.0,0.0,0.0
17080,-GIknl5ojak,170,180, /m/04rlf,/m/05zppz,/m/09x0r ,0,0,0,0,0,0,0,0,0.0,0.0,0.0,0.0
17124,-GL6Sw_U1gk,30,40, /m/02qldy,/m/05zppz,/m/09x0r ,0,0,0,0,0,0,0,0,0.0,0.0,0.0,0.0
17237,-GSCu896zWQ,30,40, /m/02qldy,/m/05zppz,/m/09x0r ,0,0,0,0,0,0,0,0,0.0,0.0,0.0,0.0
17267,-GTyLRfVaS4,30,40, /m/02qldy,/m/05zppz,/m/09x0r ,0,0,0,0,0,0,0,0,0.0,0.0,0.0,0.0
17446,-Ggd_yVfGQs,30,40, /m/02qldy,/m/05zppz,/m/09x0r ,0,0,0,0,0,0,0,0,0.0,0.0,0.0,0.0
17572,-GoRzL3w8xw,30,40, /m/02qldy,/m/05zppz,/m/09x0r ,0,0,0,0,0,0,0,0,0.0,0.0,0.0,0.0
17634,-Gss1DkYHQY,30,40, /m/02qldy,/m/05zppz,/m/09x0r ,0,0,0,0,0,0,0,0,0.0,0.0,0.0,0.0
17654,-GtmLu0wDP8,330,340, /m/01h8n0,/m/05zppz,/m/09x0r ,0,0,0,0,0,0,0,0,0.0,0.0,0.0,0.0
17760,-H-ofFtUXz8,30,40, /m/02qldy,/m/05zppz,/m/09x0r ,0,0,0,0,0,0,0,0,0.0,0.0,0.0,0.0
17848,-H4utH0qaiA,30,40, /m/04rlf,/m/05zppz,/m/09x0r ,0,0,0,0,0,0,0,0,0.0,0.0,0.0,0.0
17867,-H6BJfRqeno,15,25, /m/02qldy,/m/05zppz,/m/09x0r ,0,0,0,0,0,0,0,0,0.0,0.0,0.0,0.0
17892,-H7YBeqmBdY,30,40, /m/04rlf,/m/05zppz,/m/09x0r ,0,0,0,0,0,0,0,0,0.0,0.0,0.0,0.0
17965,-HCOTrhrUbQ,30,40, /m/02qldy,/m/05zppz,/m/09x0r ,0,0,0,0,0,0,0,0,0.0,0.0,0.0,0.0
18079,-HJo7I-WDNY,30,40, /m/02qldy,/m/05zppz,/m/09x0r ,0,0,0,0,0,0,0,0,0.0,0.0,0.0,0.0
18169,-HPRchUIejk,30,40, /m/02qldy,/m/05zppz,/m/09x0r ,0,0,0,0,0,0,0,0,0.0,0.0,0.0,0.0
18172,-HPph-cxdfA,30,40, /m/01h8n0,/m/05zppz,/m/09x0r ,0,0,0,0,0,0,0,0,0.0,0.0,0.0,0.0
18195,-HRtMJCRP8I,30,40, /m/02qldy,/m/05zppz,/m/09x0r ,0,0,0,0,0,0,0,0,0.0,0.0,0.0,0.0
18359,-Hba7FQJhz4,0,5, /m/02qldy,/m/05zppz,/m/09x0r,/m/0brhx ,0,0,0,0,0,0,0,0.0,0.0,0.0,0.0
18600,-HqgPxshtf8,30,40, /m/02qldy,/m/05zppz,/m/09x0r,/m/0brhx ,0,0,0,0,0,0,0,0.0,0.0,0.0,0.0
18759,-I0v8WY0XZc,210,220, /m/04rlf,/m/05zppz,/m/09x0r,/m/0lyf6 ,0,0,0,0,0,0,0,0.0,0.0,0.0,0.0
18864,-I71LDAAjEo,30,40, /m/02qldy,/m/05zppz,/m/09x0r ,0,0,0,0,0,0,0,0,0.0,0.0,0.0,0.0
18972,-IEtnn5k918,30,40, /m/02qldy,/m/05zppz,/m/09x0r ,0,0,0,0,0,0,0,0,0.0,0.0,0.0,0.0
18988,-IGa2k4O4bQ,30,40, /m/01h8n0,/m/05zppz,/m/09x0r ,0,0,0,0,0,0,0,0,0.0,0.0,0.0,0.0
19023,-IIq3_ikACg,30,40, /m/02qldy,/m/05zppz,/m/09x0r ,0,0,0,0,0,0,0,0,0.0,0.0,0.0,0.0
19143,-IQmTDu29j0,30,40, /m/02qldy,/m/05zppz,/m/09x0r ,0,0,0,0,0,0,0,0,0.0,0.0,0.0,0.0
19235,-IXQJwGOPJ8,30,40, /m/02qldy,/m/05zppz,/m/09x0r ,0,0,0,0,0,0,0,0,0.0,0.0,0.0,0.0
19442,-IkClY2l_-E,30,40, /m/02qldy,/m/05zppz,/m/09x0r ,0,0,0,0,0,0,0,0,0.0,0.0,0.0,0.0
19730,-J22yBGHHts,30,40, /m/02qldy,/m/05zppz,/m/09x0r ,0,0,0,0,0,0,0,0,0.0,0.0,0.0,0.0
19748,-J2vxUyx-H8,30,40, /m/02qldy,/m/05zppz,/m/09x0r ,0,0,0,0,0,0,0,0,0.0,0.0,0.0,0.0
19801,-J5svzeKT1I,30,40, /m/02qldy,/m/05zppz,/m/09x0r ,0,0,0,0,0,0,0,0,0.0,0.0,0.0,0.0
19819,-J7V0nrJZmY,30,40, /m/02qldy,/m/05zppz,/m/09x0r ,0,0,0,0,0,0,0,0,0.0,0.0,0.0,0.0
19863,-JAl0GYamf8,30,40, /m/02qldy,/m/05zppz,/m/09x0r ,0,0,0,0,0,0,0,0,0.0,0.0,0.0,0.0
19897,-JDu_58J-vY,30,40, /m/02qldy,/m/05zppz,/m/09x0r ,0,0,0,0,0,0,0,0,0.0,0.0,0.0,0.0
19910,-JF5hq9AmHM,30,40, /m/02qldy,/m/05zppz,/m/09x0r ,0,0,0,0,0,0,0,0,0.0,0.0,0.0,0.0
19930,-JH5vfviy4A,30,40, /m/02qldy,/m/05zppz,/m/09x0r ,0,0,0,0,0,0,0,0,0.0,0.0,0.0,0.0
19946,-JI0k333MzA,1,11, /m/02qldy,/m/05zppz,/m/09x0r ,0,0,0,0,0,0,0,0,0.0,0.0,0.0,0.0
20035,-JNhHg4hhg4,30,40, /m/02qldy,/m/05zppz,/m/09x0r ,0,0,0,0,0,0,0,0,0.0,0.0,0.0,0.0
20048,-JOMOpYnFRI,30,40, /m/02qldy,/m/05zppz,/m/09x0r ,0,0,0,0,0,0,0,0,0.0,0.0,0.0,0.0
20062,-JPKgtYo0PY,30,40, /m/02qldy,/m/05zppz,/m/09x0r ,0,0,0,0,0,0,0,0,0.0,0.0,0.0,0.0
20120,-JTqBXPtpI4,30,40, /m/02qldy,/m/05zppz,/m/09x0r ,0,0,0,0,0,0,0,0,0.0,0.0,0.0,0.0
20145,-JUuusKSxxQ,30,40, /m/04rlf,/m/05zppz,/m/09x0r ,0,0,0,0,0,0,0,0,0.0,0.0,0.0,0.0
20209,-JZQwilSX9k,30,40, /m/02qldy,/m/05zppz,/m/09x0r ,0,0,0,0,0,0,0,0,0.0,0.0,0.0,0.0
20305,-JePNrcye2Y,30,40, /m/02qldy,/m/05zppz,/m/09x0r ,0,0,0,0,0,0,0,0,0.0,0.0,0.0,0.0
20429,-Jm28Ya19L4,30,40, /m/02qldy,/m/05zppz,/m/09x0r ,0,0,0,0,0,0,0,0,0.0,0.0,0.0,0.0
20519,-Jra9enp8Qc,30,40, /m/02qldy,/m/05zppz,/m/09x0r ,0,0,0,0,0,0,0,0,0.0,0.0,0.0,0.0
20540,-JskSOro-g8,30,40, /m/02qldy,/m/05zppz,/m/09x0r ,0,0,0,0,0,0,0,0,0.0,0.0,0.0,0.0
20614,-JxcpOxgqvY,30,40, /m/02qldy,/m/05zppz,/m/09x0r ,0,0,0,0,0,0,0,0,0.0,0.0,0.0,0.0
20733,-K4WuScIMtk,30,40, /m/02qldy,/m/05zppz,/m/09x0r ,0,0,0,0,0,0,0,0,0.0,0.0,0.0,0.0
20887,-KDAbWk9MMQ,21,31, /m/02qldy,/m/05zppz,/m/09x0r ,0,0,0,0,0,0,0,0,0.0,0.0,0.0,0.0
20900,-KDrCI8fV-0,30,40, /m/02qldy,/m/05zppz,/m/09x0r ,0,0,0,0,0,0,0,0,0.0,0.0,0.0,0.0
21236,-KXbozG7cxQ,30,40, /m/02qldy,/m/05zppz,/m/09x0r ,0,0,0,0,0,0,0,0,0.0,0.0,0.0,0.0
21241,-KY7N4r3Eh8,30,40, /m/04rlf,/m/05zppz,/m/09x0r ,0,0,0,0,0,0,0,0,0.0,0.0,0.0,0.0
21324,-Kct4rA0vss,30,40, /m/02qldy,/m/05zppz,/m/09x0r ,0,0,0,0,0,0,0,0,0.0,0.0,0.0,0.0
21455,-Kl-WdrrPXo,30,40, /m/02qldy,/m/05zppz,/m/09x0r ,0,0,0,0,0,0,0,0,0.0,0.0,0.0,0.0
21661,-Kxoxq7zwnU,30,40, /m/02qldy,/m/05zppz,/m/09x0r ,0,0,0,0,0,0,0,0,0.0,0.0,0.0,0.0
22147,-LRmgrOtzfk,30,40, /m/02qldy,/m/05zppz,/m/09x0r ,0,0,0,0,0,0,0,0,0.0,0.0,0.0,0.0
22452,-Lj7Se2CNkU,30,40, /m/02qldy,/m/05zppz,/m/09x0r ,0,0,0,0,0,0,0,0,0.0,0.0,0.0,0.0
22501,-LllKmLDgJU,30,40, /m/02qldy,/m/05zppz,/m/09x0r ,0,0,0,0,0,0,0,0,0.0,0.0,0.0,0.0
22552,-LoncVhwQqc,15,25, /m/02qldy,/m/05zppz,/m/09x0r ,0,0,0,0,0,0,0,0,0.0,0.0,0.0,0.0
22593,-Ls9TLd17DY,30,40, /m/02qldy,/m/05zppz,/m/09x0r ,0,0,0,0,0,0,0,0,0.0,0.0,0.0,0.0
22643,-LvLoYGVfX4,30,40, /m/02qldy,/m/05zppz,/m/09x0r ,0,0,0,0,0,0,0,0,0.0,0.0,0.0,0.0
22667,-LxivT025no,30,40, /m/04rlf,/m/05zppz,/m/09x0r ,0,0,0,0,0,0,0,0,0.0,0.0,0.0,0.0
22669,-Lxq2qVDdeM,30,40, /m/04rlf,/m/05zppz,/m/09x0r ,0,0,0,0,0,0,0,0,0.0,0.0,0.0,0.0
22769,-M3OjVdg3bg,30,40, /m/02qldy,/m/05zppz,/m/09x0r ,0,0,0,0,0,0,0,0,0.0,0.0,0.0,0.0
22815,-M6Ej5qRSQQ,30,40, /m/02qldy,/m/05zppz,/m/09x0r ,0,0,0,0,0,0,0,0,0.0,0.0,0.0,0.0
22839,-M7in3M2ZiY,30,40, /m/02qldy,/m/05zppz,/m/09x0r ,0,0,0,0,0,0,0,0,0.0,0.0,0.0,0.0
22970,-MFPFJwAwbM,30,40, /m/02qldy,/m/05zppz,/m/09x0r ,0,0,0,0,0,0,0,0,0.0,0.0,0.0,0.0
22978,-MG8KXcIbKQ,30,40, /m/02qldy,/m/05zppz,/m/09x0r ,0,0,0,0,0,0,0,0,0.0,0.0,0.0,0.0
23001,-MHFIZXFgnM,30,40, /m/02qldy,/m/05zppz,/m/09x0r ,0,0,0,0,0,0,0,0,0.0,0.0,0.0,0.0
23067,-MKuawzxvVU,30,40, /m/02qldy,/m/05zppz,/m/09x0r ,0,0,0,0,0,0,0,0,0.0,0.0,0.0,0.0
23246,-MX1kKHAHkQ,30,40, /m/02qldy,/m/05zppz,/m/09x0r ,0,0,0,0,0,0,0,0,0.0,0.0,0.0,0.0
23501,-MoLVCOr_QU,30,40, /m/02qldy,/m/05zppz,/m/09x0r ,0,0,0,0,0,0,0,0,0.0,0.0,0.0,0.0
23638,-MvzIHruQ9E,30,40, /m/02qldy,/m/05zppz,/m/09x0r ,0,0,0,0,0,0,0,0,0.0,0.0,0.0,0.0
23856,-N8oRIEPNz0,30,40, /m/04rlf,/m/05zppz,/m/09x0r ,0,0,0,0,0,0,0,0,0.0,0.0,0.0,0.0
24351,-NbcH-LcZso,30,40, /m/02qldy,/m/05zppz,/m/09x0r ,0,0,0,0,0,0,0,0,0.0,0.0,0.0,0.0
24360,-NcKnYsnk6M,30,40, /m/02qldy,/m/05zppz,/m/09x0r ,0,0,0,0,0,0,0,0,0.0,0.0,0.0,0.0
24555,-No2oY7NJ_o,30,40, /m/02qldy,/m/05zppz,/m/09x0r ,0,0,0,0,0,0,0,0,0.0,0.0,0.0,0.0
24663,-NwP6SKu1X8,30,40, /m/04rlf,/m/05zppz,/m/09x0r ,0,0,0,0,0,0,0,0,0.0,0.0,0.0,0.0
24867,-O7ap79L5N8,30,40, /m/02qldy,/m/05zppz,/m/09x0r ,0,0,0,0,0,0,0,0,0.0,0.0,0.0,0.0
25133,-OPRa24qEEc,30,40, /m/02qldy,/m/05zppz,/m/09x0r ,0,0,0,0,0,0,0,0,0.0,0.0,0.0,0.0
25162,-ORVjpV2ixw,30,40, /m/02qldy,/m/05zppz,/m/09x0r ,0,0,0,0,0,0,0,0,0.0,0.0,0.0,0.0
25288,-OYO883RWiM,30,40, /m/02qldy,/m/05zppz,/m/09x0r ,0,0,0,0,0,0,0,0,0.0,0.0,0.0,0.0
25318,-O_Z1cDQWLg,30,40, /m/02qldy,/m/05zppz,/m/09x0r ,0,0,0,0,0,0,0,0,0.0,0.0,0.0,0.0
25517,-Ona4jcHHyU,30,40, /m/02qldy,/m/05zppz,/m/09x0r ,0,0,0,0,0,0,0,0,0.0,0.0,0.0,0.0
25536,-OotdhPEnos,30,40, /m/02qldy,/m/05zppz,/m/09x0r ,0,0,0,0,0,0,0,0,0.0,0.0,0.0,0.0
25676,-OyB8DuvWrk,30,40, /m/02qldy,/m/05zppz,/m/09x0r ,0,0,0,0,0,0,0,0,0.0,0.0,0.0,0.0
25690,-OyoUPS4wyU,30,40, /m/04rlf,/m/05zppz,/m/09x0r ,0,0,0,0,0,0,0,0,0.0,0.0,0.0,0.0
25748,-P2C71YzEnw,30,40, /m/02qldy,/m/05zppz,/m/09x0r ,0,0,0,0,0,0,0,0,0.0,0.0,0.0,0.0
25987,-PI90D1_T6k,30,40, /m/02qldy,/m/05zppz,/m/09x0r ,0,0,0,0,0,0,0,0,0.0,0.0,0.0,0.0
26188,-PWREkFxhSo,30,40, /m/02qldy,/m/05zppz,/m/09x0r ,0,0,0,0,0,0,0,0,0.0,0.0,0.0,0.0
26452,-Pl9QimYXSQ,30,40, /m/02qldy,/m/05zppz,/m/09x0r,/m/0brhx ,0,0,0,0,0,0,0,0.0,0.0,0.0,0.0
26529,-Pqa9A64y3M,30,40, /m/02qldy,/m/05zppz,/m/09x0r ,0,0,0,0,0,0,0,0,0.0,0.0,0.0,0.0
26865,-QBNVBUBnqw,30,40, /m/02qldy,/m/05zppz,/m/09x0r ,0,0,0,0,0,0,0,0,0.0,0.0,0.0,0.0
26922,-QFHrTiRpGI,30,40, /m/04rlf,/m/05zppz,/m/09x0r ,0,0,0,0,0,0,0,0,0.0,0.0,0.0,0.0
27134,-QSv73QTYjg,30,40, /m/02qldy,/m/05zppz,/m/09x0r ,0,0,0,0,0,0,0,0,0.0,0.0,0.0,0.0
27252,-QZhL2vmhS0,30,40, /m/02qldy,/m/05zppz,/m/09x0r ,0,0,0,0,0,0,0,0,0.0,0.0,0.0,0.0
27329,-QdxGbBUMaw,30,40, /m/04rlf,/m/05zppz,/m/09x0r ,0,0,0,0,0,0,0,0,0.0,0.0,0.0,0.0
27335,-QeE4PvYfhs,30,40, /m/02qldy,/m/05zppz,/m/09x0r ,0,0,0,0,0,0,0,0,0.0,0.0,0.0,0.0
27434,-QkeMM1rSSk,30,40, /m/02qldy,/m/05zppz,/m/09x0r ,0,0,0,0,0,0,0,0,0.0,0.0,0.0,0.0
27455,-QlilSZI6aE,30,40, /m/02qldy,/m/05zppz,/m/09x0r ,0,0,0,0,0,0,0,0,0.0,0.0,0.0,0.0
27479,-QmzOJHDwH8,30,40, /m/02qldy,/m/05zppz,/m/09x0r ,0,0,0,0,0,0,0,0,0.0,0.0,0.0,0.0
27778,-R4SgtB_2-U,30,40, /m/02qldy,/m/05zppz,/m/09x0r ,0,0,0,0,0,0,0,0,0.0,0.0,0.0,0.0
27844,-R9OJ40iU_U,30,40, /m/04rlf,/m/05zppz,/m/09x0r ,0,0,0,0,0,0,0,0,0.0,0.0,0.0,0.0
27973,-RIm1plPDfo,30,40, /m/02qldy,/m/05zppz,/m/09x0r ,0,0,0,0,0,0,0,0,0.0,0.0,0.0,0.0
28074,-RPJOjf10wY,30,40, /m/02qldy,/m/05zppz,/m/09x0r ,0,0,0,0,0,0,0,0,0.0,0.0,0.0,0.0
28201,-RWcPfSXjK0,30,40, /m/04rlf,/m/05zppz,/m/09x0r ,0,0,0,0,0,0,0,0,0.0,0.0,0.0,0.0
28469,-RouwCycKpM,30,40, /m/02qldy,/m/05zppz,/m/09x0r ,0,0,0,0,0,0,0,0,0.0,0.0,0.0,0.0
28561,-RvEFxAbbXw,30,40, /m/02qldy,/m/05zppz,/m/09x0r ,0,0,0,0,0,0,0,0,0.0,0.0,0.0,0.0
28745,-S54szoM5yQ,30,40, /m/04rlf,/m/05zppz,/m/09x0r ,0,0,0,0,0,0,0,0,0.0,0.0,0.0,0.0
29089,-SQkTpbYL3w,30,40, /m/02qldy,/m/05zppz,/m/09x0r,/m/0brhx ,0,0,0,0,0,0,0,0.0,0.0,0.0,0.0
29286,-SdIFZzD8xk,30,40, /m/02qldy,/m/05zppz,/m/09x0r ,0,0,0,0,0,0,0,0,0.0,0.0,0.0,0.0
29509,-Ssy1Ig92Ag,30,40, /m/02qldy,/m/05zppz,/m/09x0r ,0,0,0,0,0,0,0,0,0.0,0.0,0.0,0.0
29557,-SvcMrhwnSQ,30,40, /m/02qldy,/m/05zppz,/m/09x0r ,0,0,0,0,0,0,0,0,0.0,0.0,0.0,0.0
29765,-T9YAJ7j5ug,30,40, /m/02qldy,/m/05zppz,/m/09x0r ,0,0,0,0,0,0,0,0,0.0,0.0,0.0,0.0
29827,-TDMiRuhFPg,30,40, /m/02qldy,/m/05zppz,/m/09x0r ,0,0,0,0,0,0,0,0,0.0,0.0,0.0,0.0
29851,-TF5lgpaXXA,30,40, /m/02qldy,/m/05zppz,/m/09x0r ,0,0,0,0,0,0,0,0,0.0,0.0,0.0,0.0
29889,-TGrQkdxwcs,30,40, /m/02qldy,/m/05zppz,/m/09x0r ,0,0,0,0,0,0,0,0,0.0,0.0,0.0,0.0
30133,-TWs5Eri8Ek,30,40, /m/03qtwd,/m/05zppz,/m/09x0r ,0,0,0,0,0,0,0,0,0.0,0.0,0.0,0.0
30187,-TaDwYwfZwI,30,40, /m/02qldy,/m/05zppz,/m/09x0r ,0,0,0,0,0,0,0,0,0.0,0.0,0.0,0.0
30191,-TaGqXOwwqE,30,40, /m/02qldy,/m/05zppz,/m/09x0r ,0,0,0,0,0,0,0,0,0.0,0.0,0.0,0.0
30283,-TgduBjS_Rw,30,40, /m/02qldy,/m/05zppz,/m/09x0r ,0,0,0,0,0,0,0,0,0.0,0.0,0.0,0.0
30304,-TiFFKQtOEg,30,40, /m/02qldy,/m/05zppz,/m/09x0r ,0,0,0,0,0,0,0,0,0.0,0.0,0.0,0.0
30399,-ToOjGN6W7U,30,40, /m/02qldy,/m/05zppz,/m/09x0r ,0,0,0,0,0,0,0,0,0.0,0.0,0.0,0.0
30454,-TqvQAJgwl8,30,40, /m/02qldy,/m/05zppz,/m/09x0r ,0,0,0,0,0,0,0,0,0.0,0.0,0.0,0.0
30510,-Tu46gjChRg,30,40, /m/02qldy,/m/05zppz,/m/09x0r ,0,0,0,0,0,0,0,0,0.0,0.0,0.0,0.0
30630,-U1TfwD41p0,30,40, /m/02qldy,/m/05zppz,/m/09x0r ,0,0,0,0,0,0,0,0,0.0,0.0,0.0,0.0
30677,-U4bvR2kkFE,30,40, /m/02qldy,/m/05zppz,/m/09x0r ,0,0,0,0,0,0,0,0,0.0,0.0,0.0,0.0
30741,-U92ttWICgM,30,40, /m/04rlf,/m/05zppz,/m/09x0r ,0,0,0,0,0,0,0,0,0.0,0.0,0.0,0.0
30778,-UBeG757ZPA,30,40, /m/04rlf,/m/05zppz,/m/09x0r ,0,0,0,0,0,0,0,0,0.0,0.0,0.0,0.0
30802,-UDAUhMU0ns,30,40, /m/02qldy,/m/05zppz,/m/09x0r ,0,0,0,0,0,0,0,0,0.0,0.0,0.0,0.0
30822,-UEQAEsczHI,30,40, /m/02qldy,/m/05zppz,/m/09x0r ,0,0,0,0,0,0,0,0,0.0,0.0,0.0,0.0
31082,-UWaOzGWvwA,30,40, /m/02qldy,/m/05zppz,/m/09x0r ,0,0,0,0,0,0,0,0,0.0,0.0,0.0,0.0
31147,-UaeCYEm7-4,30,40, /m/02qldy,/m/05zppz,/m/09x0r ,0,0,0,0,0,0,0,0,0.0,0.0,0.0,0.0
31571,-V2IVrNVnQ8,30,40, /m/02qldy,/m/05zppz,/m/09x0r ,0,0,0,0,0,0,0,0,0.0,0.0,0.0,0.0
31587,-V3NPftE7T0,30,40, /m/02qldy,/m/05zppz,/m/09x0r ,0,0,0,0,0,0,0,0,0.0,0.0,0.0,0.0
31907,-VNSMoJ64WI,30,40, /m/02qldy,/m/05zppz,/m/09x0r ,0,0,0,0,0,0,0,0,0.0,0.0,0.0,0.0
32005,-VUL58UhQDE,30,40, /m/01h8n0,/m/05zppz,/m/09x0r ,0,0,0,0,0,0,0,0,0.0,0.0,0.0,0.0
32034,-VW_nS2Hw6I,30,40, /m/04rlf,/m/05zppz,/m/09x0r ,0,0,0,0,0,0,0,0,0.0,0.0,0.0,0.0
32308,-VoVanC9Zv4,30,40, /m/02qldy,/m/05zppz,/m/09x0r ,0,0,0,0,0,0,0,0,0.0,0.0,0.0,0.0
32415,-VxYALxsWdQ,30,40, /m/02qldy,/m/05zppz,/m/09x0r ,0,0,0,0,0,0,0,0,0.0,0.0,0.0,0.0
32587,-W7XZzpiAqU,30,40, /m/02qldy,/m/05zppz,/m/09x0r ,0,0,0,0,0,0,0,0,0.0,0.0,0.0,0.0
32658,-WCfKTzcJ-Q,30,40, /m/02qldy,/m/05zppz,/m/09x0r ,0,0,0,0,0,0,0,0,0.0,0.0,0.0,0.0
33070,-WciuEzYshM,30,40, /m/02qldy,/m/05zppz,/m/09x0r ,0,0,0,0,0,0,0,0,0.0,0.0,0.0,0.0
33113,-Wf3-clOeNc,30,40, /m/02qldy,/m/05zppz,/m/09x0r ,0,0,0,0,0,0,0,0,0.0,0.0,0.0,0.0
33509,-X3ROzW3jI8,30,40, /m/02qldy,/m/05zppz,/m/09x0r ,0,0,0,0,0,0,0,0,0.0,0.0,0.0,0.0
33519,-X3wI6OSRwo,30,40, /m/02qldy,/m/05zppz,/m/09x0r ,0,0,0,0,0,0,0,0,0.0,0.0,0.0,0.0
33528,-X4Ir4_DY5E,30,40, /m/02qldy,/m/05zppz,/m/09x0r ,0,0,0,0,0,0,0,0,0.0,0.0,0.0,0.0
33546,-X5w0BuT9E8,30,40, /m/02qldy,/m/05zppz,/m/09x0r ,0,0,0,0,0,0,0,0,0.0,0.0,0.0,0.0
33876,-XRxXjbvoLU,30,40, /m/02qldy,/m/05zppz,/m/09x0r ,0,0,0,0,0,0,0,0,0.0,0.0,0.0,0.0
34036,-XcvdK9LNv4,30,40, /m/04rlf,/m/05zppz,/m/09x0r ,0,0,0,0,0,0,0,0,0.0,0.0,0.0,0.0
34175,-XmzKGZUnA4,30,40, /m/01h8n0,/m/05zppz,/m/09x0r ,0,0,0,0,0,0,0,0,0.0,0.0,0.0,0.0
34250,-Xr-pMPTEeg,30,40, /m/02qldy,/m/05zppz,/m/09x0r ,0,0,0,0,0,0,0,0,0.0,0.0,0.0,0.0
34316,-Xue_w4o0TA,30,40, /m/04rlf,/m/05zppz,/m/09x0r ,0,0,0,0,0,0,0,0,0.0,0.0,0.0,0.0
34344,-XwOgJmcwBc,30,40, /m/02qldy,/m/05zppz,/m/09x0r ,0,0,0,0,0,0,0,0,0.0,0.0,0.0,0.0
34358,-Xx6Wnup1Fk,24,34, /m/04rlf,/m/05zppz,/m/09x0r ,0,0,0,0,0,0,0,0,0.0,0.0,0.0,0.0
34380,-XyZzP7OYV0,30,40, /m/02qldy,/m/05zppz,/m/09x0r ,0,0,0,0,0,0,0,0,0.0,0.0,0.0,0.0
34654,-YGQYg5Stf4,30,40, /m/02qldy,/m/05zppz,/m/09x0r ,0,0,0,0,0,0,0,0,0.0,0.0,0.0,0.0
34927,-YZ5bDlUlug,30,40, /m/02qldy,/m/05zppz,/m/09x0r ,0,0,0,0,0,0,0,0,0.0,0.0,0.0,0.0
35033,-YfAohlKLno,30,40, /m/02qldy,/m/05zppz,/m/09x0r ,0,0,0,0,0,0,0,0,0.0,0.0,0.0,0.0
35051,-YgTbO1mesA,30,40, /m/02qldy,/m/05zppz,/m/09x0r ,0,0,0,0,0,0,0,0,0.0,0.0,0.0,0.0
35157,-Yn4UOpMARw,30,40, /m/02qldy,/m/05zppz,/m/09x0r ,0,0,0,0,0,0,0,0,0.0,0.0,0.0,0.0
35161,-YnLGckapW8,28,38, /m/02qldy,/m/05zppz,/m/09x0r ,0,0,0,0,0,0,0,0,0.0,0.0,0.0,0.0
35684,-ZJ1lB1I3b0,30,40, /m/02qldy,/m/05zppz,/m/09x0r ,0,0,0,0,0,0,0,0,0.0,0.0,0.0,0.0
35795,-ZP-4T0TvaQ,30,40, /m/02qldy,/m/05zppz,/m/09x0r ,0,0,0,0,0,0,0,0,0.0,0.0,0.0,0.0
36114,-Zga5qUf9PA,30,40, /m/02qldy,/m/05zppz,/m/09x0r ,0,0,0,0,0,0,0,0,0.0,0.0,0.0,0.0
36209,-ZmTYZonpWw,30,40, /m/02qldy,/m/05zppz,/m/09x0r ,0,0,0,0,0,0,0,0,0.0,0.0,0.0,0.0
36260,-ZpfXjmTrI8,30,40, /m/02qldy,/m/05zppz,/m/09x0r ,0,0,0,0,0,0,0,0,0.0,0.0,0.0,0.0
36351,-ZwI4ZGW7YM,30,40, /m/04rlf,/m/05zppz,/m/09x0r ,0,0,0,0,0,0,0,0,0.0,0.0,0.0,0.0
36456,-_2SIxBigHg,30,40, /m/02qldy,/m/05zppz,/m/09x0r ,0,0,0,0,0,0,0,0,0.0,0.0,0.0,0.0
36549,-_9251URUqA,30,40, /m/02qldy,/m/05zppz,/m/09x0r ,0,0,0,0,0,0,0,0,0.0,0.0,0.0,0.0
36683,-_GqAKopARU,30,40, /m/02qldy,/m/05zppz,/m/09x0r ,0,0,0,0,0,0,0,0,0.0,0.0,0.0,0.0
36704,-_IN-_Q8VuI,30,40, /m/02qldy,/m/05zppz,/m/09x0r ,0,0,0,0,0,0,0,0,0.0,0.0,0.0,0.0
36813,-_PIcQYZz7w,30,40, /m/02qldy,/m/05zppz,/m/09x0r ,0,0,0,0,0,0,0,0,0.0,0.0,0.0,0.0
36874,-_TT79lrHvU,30,40, /m/02qldy,/m/05zppz,/m/09x0r ,0,0,0,0,0,0,0,0,0.0,0.0,0.0,0.0
37086,-_hBeiCaHAY,30,40, /m/02qldy,/m/05zppz,/m/09x0r ,0,0,0,0,0,0,0,0,0.0,0.0,0.0,0.0
37107,-_iPl2Au1eU,30,40, /m/02qldy,/m/05zppz,/m/09x0r ,0,0,0,0,0,0,0,0,0.0,0.0,0.0,0.0
37129,-_j_bTVWvAU,30,40, /m/01h8n0,/m/05zppz,/m/09x0r ,0,0,0,0,0,0,0,0,0.0,0.0,0.0,0.0
37144,-_kVsf8m428,18,28, /m/02qldy,/m/05zppz,/m/09x0r ,0,0,0,0,0,0,0,0,0.0,0.0,0.0,0.0
37194,-_nLgrGL_Pg,30,40, /m/02qldy,/m/05zppz,/m/09x0r ,0,0,0,0,0,0,0,0,0.0,0.0,0.0,0.0
37237,-_pcn4AgRrw,30,40, /m/02qldy,/m/05zppz,/m/09x0r ,0,0,0,0,0,0,0,0,0.0,0.0,0.0,0.0
37264,-_s6pMwvP4w,30,40, /m/02qldy,/m/05zppz,/m/09x0r ,0,0,0,0,0,0,0,0,0.0,0.0,0.0,0.0
37729,-aMub-pATkU,30,40, /m/02qldy,/m/05zppz,/m/09x0r ,0,0,0,0,0,0,0,0,0.0,0.0,0.0,0.0
37896,-aXqKzUs0Ow,30,40, /m/02qldy,/m/05zppz,/m/09x0r ,0,0,0,0,0,0,0,0,0.0,0.0,0.0,0.0
38022,-aeUUfbla8c,30,40, /m/02qldy,/m/05zppz,/m/09x0r ,0,0,0,0,0,0,0,0,0.0,0.0,0.0,0.0
38230,-ar_Oup5mps,30,40, /m/02qldy,/m/05zppz,/m/09x0r ,0,0,0,0,0,0,0,0,0.0,0.0,0.0,0.0
38231,-ar_V5hVebc,30,40, /m/02qldy,/m/05zppz,/m/09x0r ,0,0,0,0,0,0,0,0,0.0,0.0,0.0,0.0
38232,-arcpjtCApM,30,40, /m/02qldy,/m/05zppz,/m/09x0r ,0,0,0,0,0,0,0,0,0.0,0.0,0.0,0.0
38570,-bDQ3QnWkpU,30,40, /m/01h8n0,/m/05zppz,/m/09x0r ,0,0,0,0,0,0,0,0,0.0,0.0,0.0,0.0
38677,-bK6zHrlQjw,30,40, /m/02qldy,/m/05zppz,/m/09x0r ,0,0,0,0,0,0,0,0,0.0,0.0,0.0,0.0
38688,-bKm6q-eipI,30,40, /m/02qldy,/m/05zppz,/m/09x0r ,0,0,0,0,0,0,0,0,0.0,0.0,0.0,0.0
39128,-bmopgezqjI,30,40, /m/02qldy,/m/05zppz,/m/09x0r ,0,0,0,0,0,0,0,0,0.0,0.0,0.0,0.0
39242,-buo9fBCT4c,30,40, /m/02qldy,/m/05zppz,/m/09x0r ,0,0,0,0,0,0,0,0,0.0,0.0,0.0,0.0
39431,-c61fWj_Ir0,30,40, /m/02qldy,/m/05zppz,/m/09x0r ,0,0,0,0,0,0,0,0,0.0,0.0,0.0,0.0
39507,-cB7_zYDlfI,30,40, /m/02qldy,/m/05zppz,/m/09x0r ,0,0,0,0,0,0,0,0,0.0,0.0,0.0,0.0
39515,-cBg1V738wg,30,40, /m/02qldy,/m/05zppz,/m/09x0r ,0,0,0,0,0,0,0,0,0.0,0.0,0.0,0.0
39871,-cYaAIxSBiI,30,40, /m/02qldy,/m/05zppz,/m/09x0r ,0,0,0,0,0,0,0,0,0.0,0.0,0.0,0.0
40065,-cjRn3U72ag,30,40, /m/02qldy,/m/05zppz,/m/09x0r ,0,0,0,0,0,0,0,0,0.0,0.0,0.0,0.0
40107,-cm-eJpbezU,30,40, /m/02qldy,/m/05zppz,/m/09x0r ,0,0,0,0,0,0,0,0,0.0,0.0,0.0,0.0
40118,-cmfM1MiTGA,30,40, /m/02qldy,/m/05zppz,/m/09x0r ,0,0,0,0,0,0,0,0,0.0,0.0,0.0,0.0
40264,-cvnEFI6Mlo,30,40, /m/02qldy,/m/05zppz,/m/09x0r ,0,0,0,0,0,0,0,0,0.0,0.0,0.0,0.0
40364,-d253EJg7Cc,30,40, /m/02qldy,/m/05zppz,/m/09x0r ,0,0,0,0,0,0,0,0,0.0,0.0,0.0,0.0
40403,-d47fBLYs6Y,30,40, /m/02qldy,/m/05zppz,/m/09x0r ,0,0,0,0,0,0,0,0,0.0,0.0,0.0,0.0
40631,-dLE6O_jrE8,30,40, /m/02qldy,/m/05zppz,/m/09x0r ,0,0,0,0,0,0,0,0,0.0,0.0,0.0,0.0
40831,-dZk6HuNriU,30,40, /m/02qldy,/m/05zppz,/m/09x0r ,0,0,0,0,0,0,0,0,0.0,0.0,0.0,0.0
40936,-dekuBpHa4g,30,40, /m/02qldy,/m/05zppz,/m/09x0r ,0,0,0,0,0,0,0,0,0.0,0.0,0.0,0.0
40949,-dg2M-xxd1I,30,40, /m/02qldy,/m/05zppz,/m/09x0r ,0,0,0,0,0,0,0,0,0.0,0.0,0.0,0.0
41086,-dqRTbErvlU,30,40, /m/02qldy,/m/05zppz,/m/09x0r ,0,0,0,0,0,0,0,0,0.0,0.0,0.0,0.0
41129,-duArD5QZZs,30,40, /m/02qldy,/m/05zppz,/m/09x0r ,0,0,0,0,0,0,0,0,0.0,0.0,0.0,0.0
41287,-e43FHMqVes,30,40, /m/02qldy,/m/05zppz,/m/09x0r ,0,0,0,0,0,0,0,0,0.0,0.0,0.0,0.0
41293,-e4PGY2TRl8,30,40, /m/02qldy,/m/05zppz,/m/09x0r ,0,0,0,0,0,0,0,0,0.0,0.0,0.0,0.0
41338,-e7D22FRUM0,30,40, /m/02qldy,/m/05zppz,/m/09x0r ,0,0,0,0,0,0,0,0,0.0,0.0,0.0,0.0
41376,-e9sNjnnW-Y,30,40, /m/02qldy,/m/05zppz,/m/09x0r ,0,0,0,0,0,0,0,0,0.0,0.0,0.0,0.0
41444,-eEjdLsm0W4,30,40, /m/01h8n0,/m/05zppz,/m/09x0r ,0,0,0,0,0,0,0,0,0.0,0.0,0.0,0.0
41461,-eF_bRS5kP0,30,40, /m/02qldy,/m/05zppz,/m/09x0r ,0,0,0,0,0,0,0,0,0.0,0.0,0.0,0.0
41667,-eSomY6i3_A,30,40, /m/02qldy,/m/05zppz,/m/09x0r ,0,0,0,0,0,0,0,0,0.0,0.0,0.0,0.0
42019,-en7GAdXAQk,30,40, /m/02qldy,/m/05zppz,/m/09x0r ,0,0,0,0,0,0,0,0,0.0,0.0,0.0,0.0
42272,-f4JIuDAHFY,30,40, /m/02qldy,/m/05zppz,/m/09x0r ,0,0,0,0,0,0,0,0,0.0,0.0,0.0,0.0
42296,-f6GIijHlt8,10,20, /m/01hsr_,/m/05zppz,/m/09x0r ,0,0,0,0,0,0,0,0,0.0,0.0,0.0,0.0
42324,-f8nnbVXYCg,30,40, /m/02qldy,/m/05zppz,/m/09x0r ,0,0,0,0,0,0,0,0,0.0,0.0,0.0,0.0
42502,-fLESpwoaCI,30,40, /m/02qldy,/m/05zppz,/m/09x0r ,0,0,0,0,0,0,0,0,0.0,0.0,0.0,0.0
42561,-fPMWD8f9lE,30,40, /m/02qldy,/m/05zppz,/m/09x0r ,0,0,0,0,0,0,0,0,0.0,0.0,0.0,0.0
42564,-fPVYSv4HbY,30,40, /m/02qldy,/m/05zppz,/m/09x0r ,0,0,0,0,0,0,0,0,0.0,0.0,0.0,0.0
42689,-fZoJ0xzfLM,30,40, /m/02qldy,/m/05zppz,/m/09x0r ,0,0,0,0,0,0,0,0,0.0,0.0,0.0,0.0
43012,-ftsWQmiiTY,30,40, /m/02qldy,/m/05zppz,/m/09x0r ,0,0,0,0,0,0,0,0,0.0,0.0,0.0,0.0
43533,-gQZzF7z4XQ,30,40, /m/02qldy,/m/05zppz,/m/09x0r ,0,0,0,0,0,0,0,0,0.0,0.0,0.0,0.0
43673,-gaBTdQyLmk,30,40, /m/02qldy,/m/05zppz,/m/09x0r ,0,0,0,0,0,0,0,0,0.0,0.0,0.0,0.0
43846,-gn0PXxxcvA,30,40, /m/02qldy,/m/05zppz,/m/09x0r ,0,0,0,0,0,0,0,0,0.0,0.0,0.0,0.0
43885,-gpTUKs0mso,30,40, /m/02qldy,/m/05zppz,/m/09x0r ,0,0,0,0,0,0,0,0,0.0,0.0,0.0,0.0
44128,-h5Ajv_L9Ew,30,40, /m/01h8n0,/m/05zppz,/m/09x0r ,0,0,0,0,0,0,0,0,0.0,0.0,0.0,0.0
44253,-hChcJAh5N0,30,40, /m/02qldy,/m/05zppz,/m/09x0r ,0,0,0,0,0,0,0,0,0.0,0.0,0.0,0.0
44330,-hHZPbvSOxU,30,40, /m/02qldy,/m/05zppz,/m/09x0r ,0,0,0,0,0,0,0,0,0.0,0.0,0.0,0.0
44399,-hM2KO1IM3Q,30,40, /m/02qldy,/m/05zppz,/m/09x0r ,0,0,0,0,0,0,0,0,0.0,0.0,0.0,0.0
44549,-hWFdic9kIM,30,40, /m/02qldy,/m/05zppz,/m/09x0r ,0,0,0,0,0,0,0,0,0.0,0.0,0.0,0.0
44734,-hgK1N-b4Ag,30,40, /m/02qldy,/m/05zppz,/m/09x0r ,0,0,0,0,0,0,0,0,0.0,0.0,0.0,0.0
44770,-hjBmMLlS2M,30,40, /m/02qldy,/m/05zppz,/m/09x0r ,0,0,0,0,0,0,0,0,0.0,0.0,0.0,0.0
44896,-hr5XT5TOEY,30,40, /m/02qldy,/m/05zppz,/m/09x0r ,0,0,0,0,0,0,0,0,0.0,0.0,0.0,0.0
45044,-i12lZfksDw,30,40, /m/04rlf,/m/05zppz,/m/09x0r ,0,0,0,0,0,0,0,0,0.0,0.0,0.0,0.0
45134,-i7O4-JdGYk,30,40, /m/02qldy,/m/05zppz,/m/09x0r ,0,0,0,0,0,0,0,0,0.0,0.0,0.0,0.0
45312,-iJFY7wuwVs,30,40, /m/02qldy,/m/05zppz,/m/09x0r ,0,0,0,0,0,0,0,0,0.0,0.0,0.0,0.0
45323,-iJyYRhsWBQ,30,40, /m/02qldy,/m/05zppz,/m/09x0r ,0,0,0,0,0,0,0,0,0.0,0.0,0.0,0.0
45326,-iK8BRx1Iqw,30,40, /m/02qldy,/m/05zppz,/m/09x0r ,0,0,0,0,0,0,0,0,0.0,0.0,0.0,0.0
45500,-iXFvNB4Pgs,30,40, /m/04rlf,/m/05zppz,/m/09x0r ,0,0,0,0,0,0,0,0,0.0,0.0,0.0,0.0
45657,-ihKZYQVWY0,30,40, /m/02qldy,/m/05zppz,/m/09x0r ,0,0,0,0,0,0,0,0,0.0,0.0,0.0,0.0
45689,-ijK2YYDx-w,30,40, /m/02qldy,/m/05zppz,/m/09x0r ,0,0,0,0,0,0,0,0,0.0,0.0,0.0,0.0
45834,-iteGR83an8,30,40, /m/02qldy,/m/05zppz,/m/09x0r,/m/0brhx ,0,0,0,0,0,0,0,0.0,0.0,0.0,0.0
45852,-ivAH56aJq8,30,40, /m/02qldy,/m/05zppz,/m/09x0r ,0,0,0,0,0,0,0,0,0.0,0.0,0.0,0.0
45906,-izQUyvOydc,30,40, /m/02qldy,/m/05zppz,/m/09x0r ,0,0,0,0,0,0,0,0,0.0,0.0,0.0,0.0
45945,-j1FyczU0pk,30,40, /m/02qldy,/m/05zppz,/m/09x0r ,0,0,0,0,0,0,0,0,0.0,0.0,0.0,0.0
45949,-j1b5RlXQkk,30,40, /m/02qldy,/m/05zppz,/m/09x0r ,0,0,0,0,0,0,0,0,0.0,0.0,0.0,0.0
46001,-j6DN6_SRtg,30,40, /m/02qldy,/m/05zppz,/m/09x0r ,0,0,0,0,0,0,0,0,0.0,0.0,0.0,0.0
46057,-j9TbKCJMwI,30,40, /m/04rlf,/m/05zppz,/m/09x0r ,0,0,0,0,0,0,0,0,0.0,0.0,0.0,0.0
46141,-jEcfcr-PyU,30,40, /m/02qldy,/m/05zppz,/m/09x0r ,0,0,0,0,0,0,0,0,0.0,0.0,0.0,0.0
46183,-jHXC6pT7fI,30,40, /m/02qldy,/m/05zppz,/m/09x0r,/m/0brhx ,0,0,0,0,0,0,0,0.0,0.0,0.0,0.0
46352,-jU2fdjCDeg,10,20, /m/04rlf,/m/05zppz,/m/09x0r ,0,0,0,0,0,0,0,0,0.0,0.0,0.0,0.0
46383,-jVy7iYd43I,30,40, /m/02qldy,/m/05zppz,/m/09x0r ,0,0,0,0,0,0,0,0,0.0,0.0,0.0,0.0
46447,-j_7ngJ-o7E,30,40, /m/02qldy,/m/05zppz,/m/09x0r ,0,0,0,0,0,0,0,0,0.0,0.0,0.0,0.0
46454,-j_qLPX4Lio,30,40, /m/03qtwd,/m/05zppz,/m/09x0r ,0,0,0,0,0,0,0,0,0.0,0.0,0.0,0.0
46542,-jfS5Axv8Ig,30,40, /m/02qldy,/m/05zppz,/m/09x0r ,0,0,0,0,0,0,0,0,0.0,0.0,0.0,0.0
46789,-jur8oPDTEc,30,40, /m/04rlf,/m/05zppz,/m/09x0r ,0,0,0,0,0,0,0,0,0.0,0.0,0.0,0.0
47017,-k8Ez4lPFmM,30,40, /m/02qldy,/m/05zppz,/m/09x0r ,0,0,0,0,0,0,0,0,0.0,0.0,0.0,0.0
47075,-kBmnqIpEUM,30,40, /m/02qldy,/m/05zppz,/m/09x0r ,0,0,0,0,0,0,0,0,0.0,0.0,0.0,0.0
47422,-kZ8I4WEFtY,30,40, /m/02qldy,/m/05zppz,/m/09x0r ,0,0,0,0,0,0,0,0,0.0,0.0,0.0,0.0
47462,-kagPIfLu5Q,30,40, /m/02qldy,/m/05zppz,/m/09x0r ,0,0,0,0,0,0,0,0,0.0,0.0,0.0,0.0
47657,-koy02TALD0,30,40, /m/02qldy,/m/05zppz,/m/09x0r ,0,0,0,0,0,0,0,0,0.0,0.0,0.0,0.0
47664,-kq-3HWkLCk,30,40, /m/04rlf,/m/05zppz,/m/09x0r ,0,0,0,0,0,0,0,0,0.0,0.0,0.0,0.0
47809,-kzC-eVanBw,30,40, /m/02qldy,/m/05zppz,/m/09x0r ,0,0,0,0,0,0,0,0,0.0,0.0,0.0,0.0
48194,-lOwZabXy1I,30,40, /m/02qldy,/m/05zppz,/m/09x0r ,0,0,0,0,0,0,0,0,0.0,0.0,0.0,0.0
48429,-ldVdfdCGjk,30,40, /m/02qldy,/m/05zppz,/m/09x0r ,0,0,0,0,0,0,0,0,0.0,0.0,0.0,0.0
48667,-luxLCoCpag,30,40, /m/02qldy,/m/05zppz,/m/09x0r ,0,0,0,0,0,0,0,0,0.0,0.0,0.0,0.0
48741,-m-gudHhLxc,30,40, /m/02qldy,/m/05zppz,/m/09x0r ,0,0,0,0,0,0,0,0,0.0,0.0,0.0,0.0
48851,-m76k5FmAlo,30,40, /m/02qldy,/m/05zppz,/m/09x0r ,0,0,0,0,0,0,0,0,0.0,0.0,0.0,0.0
48951,-mE56iTA9KY,30,40, /m/02qldy,/m/05zppz,/m/09x0r ,0,0,0,0,0,0,0,0,0.0,0.0,0.0,0.0
49058,-mLFgQRvPiw,30,40, /m/02qldy,/m/05zppz,/m/09x0r ,0,0,0,0,0,0,0,0,0.0,0.0,0.0,0.0
49076,-mMJeRHW91c,30,40, /m/02qldy,/m/05zppz,/m/09x0r ,0,0,0,0,0,0,0,0,0.0,0.0,0.0,0.0
49077,-mMK-yG7FlU,20,30, /m/04rlf,/m/05zppz,/m/09x0r ,0,0,0,0,0,0,0,0,0.0,0.0,0.0,0.0
49190,-mUQ4nyzfbc,180,190, /m/04rlf,/m/05zppz,/m/09x0r ,0,0,0,0,0,0,0,0,0.0,0.0,0.0,0.0
49332,-mdEW1uZrMQ,30,40, /m/02qldy,/m/05zppz,/m/09x0r ,0,0,0,0,0,0,0,0,0.0,0.0,0.0,0.0
49417,-mijjKEbjpM,30,40, /m/02qldy,/m/05zppz,/m/09x0r ,0,0,0,0,0,0,0,0,0.0,0.0,0.0,0.0
49557,-mstarcmomw,30,40, /m/02qldy,/m/05zppz,/m/09x0r ,0,0,0,0,0,0,0,0,0.0,0.0,0.0,0.0
49642,-mxXStZLIBc,30,40, /m/02qldy,/m/05zppz,/m/09x0r ,0,0,0,0,0,0,0,0,0.0,0.0,0.0,0.0
49880,-nDDyywFIwY,30,40, /m/02qldy,/m/05zppz,/m/09x0r ,0,0,0,0,0,0,0,0,0.0,0.0,0.0,0.0
49951,-nJBHEz-3ls,30,40, /m/02qldy,/m/05zppz,/m/09x0r ,0,0,0,0,0,0,0,0,0.0,0.0,0.0,0.0
49952,-nJIexRFfVQ,30,40, /m/02qldy,/m/05zppz,/m/09x0r ,0,0,0,0,0,0,0,0,0.0,0.0,0.0,0.0
50133,-nV6H288Dr4,30,40, /m/02qldy,/m/05zppz,/m/09x0r ,0,0,0,0,0,0,0,0,0.0,0.0,0.0,0.0
50198,-nZ84ROb5zY,30,40, /m/02qldy,/m/05zppz,/m/09x0r ,0,0,0,0,0,0,0,0,0.0,0.0,0.0,0.0
50400,-nl7SwV42jE,9,19, /m/02qldy,/m/05zppz,/m/09x0r ,0,0,0,0,0,0,0,0,0.0,0.0,0.0,0.0
50439,-no5WxiTT2M,30,40, /m/02qldy,/m/05zppz,/m/09x0r ,0,0,0,0,0,0,0,0,0.0,0.0,0.0,0.0
50923,-oLwINFIPQs,30,40, /m/02qldy,/m/05zppz,/m/09x0r ,0,0,0,0,0,0,0,0,0.0,0.0,0.0,0.0
51002,-oQdrnUIhVw,30,40, /m/02qldy,/m/05zppz,/m/09x0r ,0,0,0,0,0,0,0,0,0.0,0.0,0.0,0.0
51124,-oYXq8r-iBk,30,40, /m/02qldy,/m/05zppz,/m/09x0r ,0,0,0,0,0,0,0,0,0.0,0.0,0.0,0.0
51274,-og0cT0nGGE,30,40, /m/02qldy,/m/05zppz,/m/09x0r ,0,0,0,0,0,0,0,0,0.0,0.0,0.0,0.0
51512,-oxIb4pGuh4,30,40, /m/02qldy,/m/05zppz,/m/09x0r ,0,0,0,0,0,0,0,0,0.0,0.0,0.0,0.0
51541,-oyt-q6BFj8,30,40, /m/02qldy,/m/05zppz,/m/09x0r ,0,0,0,0,0,0,0,0,0.0,0.0,0.0,0.0
51588,-p0c4oY6sxY,30,40, /m/02qldy,/m/05zppz,/m/09x0r,/m/0brhx ,0,0,0,0,0,0,0,0.0,0.0,0.0,0.0
51709,-p93K2mwYck,30,40, /m/02qldy,/m/05zppz,/m/09x0r ,0,0,0,0,0,0,0,0,0.0,0.0,0.0,0.0
52045,-pUJIHhBinE,28,38, /m/02qldy,/m/05zppz,/m/09x0r ,0,0,0,0,0,0,0,0,0.0,0.0,0.0,0.0
52285,-pl51dLmymY,30,40, /m/02qldy,/m/05zppz,/m/09x0r ,0,0,0,0,0,0,0,0,0.0,0.0,0.0,0.0
52381,-prGn1UL8Uk,30,40, /m/02qldy,/m/05zppz,/m/09x0r ,0,0,0,0,0,0,0,0,0.0,0.0,0.0,0.0
52459,-pwJstrc2-8,30,40, /m/02qldy,/m/05zppz,/m/09x0r ,0,0,0,0,0,0,0,0,0.0,0.0,0.0,0.0
52510,-q-MthXHQiM,30,40, /m/02qldy,/m/05zppz,/m/09x0r ,0,0,0,0,0,0,0,0,0.0,0.0,0.0,0.0
52587,-q4HLzyMUxc,0,10, /m/04rlf,/m/05zppz,/m/09x0r ,0,0,0,0,0,0,0,0,0.0,0.0,0.0,0.0
52613,-q5bf93SqtY,30,40, /m/02qldy,/m/05zppz,/m/09x0r ,0,0,0,0,0,0,0,0,0.0,0.0,0.0,0.0
52625,-q6VnqRRbC0,30,40, /m/02qldy,/m/05zppz,/m/09x0r ,0,0,0,0,0,0,0,0,0.0,0.0,0.0,0.0
52824,-qJXMuJ7wl4,30,40, /m/02qldy,/m/05zppz,/m/09x0r ,0,0,0,0,0,0,0,0,0.0,0.0,0.0,0.0
53036,-qX8bd48iVE,30,40, /m/02qldy,/m/05zppz,/m/09x0r ,0,0,0,0,0,0,0,0,0.0,0.0,0.0,0.0
53099,-qap8B6vsck,30,40, /m/02qldy,/m/05zppz,/m/09x0r ,0,0,0,0,0,0,0,0,0.0,0.0,0.0,0.0
53155,-qeB2Osz-Lc,30,40, /m/02qldy,/m/05zppz,/m/09x0r ,0,0,0,0,0,0,0,0,0.0,0.0,0.0,0.0
53171,-qesxG4nu14,30,40, /m/02qldy,/m/05zppz,/m/09x0r ,0,0,0,0,0,0,0,0,0.0,0.0,0.0,0.0
53266,-ql9bQ_JBwo,30,40, /m/02qldy,/m/05zppz,/m/09x0r ,0,0,0,0,0,0,0,0,0.0,0.0,0.0,0.0
53361,-qrwoeKK380,30,40, /m/04rlf,/m/05zppz,/m/09x0r ,0,0,0,0,0,0,0,0,0.0,0.0,0.0,0.0
53475,-qzY7posw04,13,23, /m/02qldy,/m/05zppz,/m/09x0r ,0,0,0,0,0,0,0,0,0.0,0.0,0.0,0.0
53563,-r4fXQ-BFnY,30,40, /m/02qldy,/m/05zppz,/m/09x0r ,0,0,0,0,0,0,0,0,0.0,0.0,0.0,0.0
53584,-r5lcmJJFc8,30,40, /m/02qldy,/m/05zppz,/m/09x0r ,0,0,0,0,0,0,0,0,0.0,0.0,0.0,0.0
53590,-r6-wuHjJFk,30,40, /m/02qldy,/m/05zppz,/m/09x0r ,0,0,0,0,0,0,0,0,0.0,0.0,0.0,0.0
53698,-rDDIxtuVr8,30,40, /m/02qldy,/m/05zppz,/m/09x0r ,0,0,0,0,0,0,0,0,0.0,0.0,0.0,0.0
53749,-rHHfCzzpQE,30,40, /m/02qldy,/m/05zppz,/m/09x0r ,0,0,0,0,0,0,0,0,0.0,0.0,0.0,0.0
53797,-rKVIUmDd5k,30,40, /m/02qldy,/m/05zppz,/m/09x0r ,0,0,0,0,0,0,0,0,0.0,0.0,0.0,0.0
53970,-rXDIEZETxU,30,40, /m/02qldy,/m/05zppz,/m/09x0r ,0,0,0,0,0,0,0,0,0.0,0.0,0.0,0.0
53974,-rXYXWMRK64,30,40, /m/02qldy,/m/05zppz,/m/09x0r ,0,0,0,0,0,0,0,0,0.0,0.0,0.0,0.0
53978,-rY0EMg2mDY,30,40, /m/02qldy,/m/05zppz,/m/09x0r ,0,0,0,0,0,0,0,0,0.0,0.0,0.0,0.0
54357,-rwdRHpzPdk,30,40, /m/02qldy,/m/05zppz,/m/09x0r ,0,0,0,0,0,0,0,0,0.0,0.0,0.0,0.0
54424,-s0D56XlkCM,30,40, /m/02qldy,/m/05zppz,/m/09x0r ,0,0,0,0,0,0,0,0,0.0,0.0,0.0,0.0
54469,-s3-Hnlvr3c,30,40, /m/02qldy,/m/05zppz,/m/09x0r ,0,0,0,0,0,0,0,0,0.0,0.0,0.0,0.0
54497,-s4XAgYQIfg,30,40, /m/02qldy,/m/05zppz,/m/09x0r ,0,0,0,0,0,0,0,0,0.0,0.0,0.0,0.0
54566,-s8sBFFabr0,30,40, /m/02qldy,/m/05zppz,/m/09x0r ,0,0,0,0,0,0,0,0,0.0,0.0,0.0,0.0
54933,-sWYVL21pew,30,40, /m/01h8n0,/m/05zppz,/m/09x0r ,0,0,0,0,0,0,0,0,0.0,0.0,0.0,0.0
55029,-sbWbaVwQD0,30,40, /m/02qldy,/m/05zppz,/m/09x0r ,0,0,0,0,0,0,0,0,0.0,0.0,0.0,0.0
55033,-sbcksPytk4,30,40, /m/02qldy,/m/05zppz,/m/09x0r ,0,0,0,0,0,0,0,0,0.0,0.0,0.0,0.0
55047,-scJNBdiM3U,30,40, /m/02qldy,/m/05zppz,/m/09x0r ,0,0,0,0,0,0,0,0,0.0,0.0,0.0,0.0
55082,-seMdsy__2c,30,40, /m/02qldy,/m/05zppz,/m/09x0r ,0,0,0,0,0,0,0,0,0.0,0.0,0.0,0.0
55408,-szeAMpi0mI,30,40, /m/02qldy,/m/05zppz,/m/09x0r ,0,0,0,0,0,0,0,0,0.0,0.0,0.0,0.0
55463,-t33aUdpvH8,30,40, /m/02qldy,/m/05zppz,/m/09x0r ,0,0,0,0,0,0,0,0,0.0,0.0,0.0,0.0
55489,-t4pLcw2D4Q,30,40, /m/02qldy,/m/05zppz,/m/09x0r ,0,0,0,0,0,0,0,0,0.0,0.0,0.0,0.0
55564,-tAIu3buqWc,30,40, /m/02qldy,/m/05zppz,/m/09x0r ,0,0,0,0,0,0,0,0,0.0,0.0,0.0,0.0
55580,-tBH3rENbYI,30,40, /m/02qldy,/m/05zppz,/m/09x0r ,0,0,0,0,0,0,0,0,0.0,0.0,0.0,0.0
55642,-tEeIsPEP20,30,40, /m/02qldy,/m/05zppz,/m/09x0r ,0,0,0,0,0,0,0,0,0.0,0.0,0.0,0.0
55657,-tFQX2JR6L0,30,40, /m/02qldy,/m/05zppz,/m/09x0r ,0,0,0,0,0,0,0,0,0.0,0.0,0.0,0.0
55711,-tJ08r7tkeA,30,40, /m/02qldy,/m/05zppz,/m/09x0r ,0,0,0,0,0,0,0,0,0.0,0.0,0.0,0.0
55940,-tXAMX0Jusk,30,40, /m/02qldy,/m/05zppz,/m/09x0r ,0,0,0,0,0,0,0,0,0.0,0.0,0.0,0.0
55941,-tXANE-cdqc,30,40, /m/02qldy,/m/05zppz,/m/09x0r ,0,0,0,0,0,0,0,0,0.0,0.0,0.0,0.0
56013,-tbgjodN-EU,30,40, /m/02qldy,/m/05zppz,/m/09x0r ,0,0,0,0,0,0,0,0,0.0,0.0,0.0,0.0
56060,-tfBSAwEmAI,30,40, /m/02qldy,/m/05zppz,/m/09x0r ,0,0,0,0,0,0,0,0,0.0,0.0,0.0,0.0
56115,-tiVggy-uHA,30,40, /m/02qldy,/m/05zppz,/m/09x0r ,0,0,0,0,0,0,0,0,0.0,0.0,0.0,0.0
56188,-tmrgIt90mA,30,40, /m/02qldy,/m/05zppz,/m/09x0r ,0,0,0,0,0,0,0,0,0.0,0.0,0.0,0.0
56335,-tw8rn9BZ7o,30,40, /m/02qldy,/m/05zppz,/m/09x0r ,0,0,0,0,0,0,0,0,0.0,0.0,0.0,0.0
56369,-tyaFsrd4wc,30,40, /m/02qldy,/m/05zppz,/m/09x0r ,0,0,0,0,0,0,0,0,0.0,0.0,0.0,0.0
56473,-u4Z3n2Fnyc,30,40, /m/02qldy,/m/05zppz,/m/09x0r ,0,0,0,0,0,0,0,0,0.0,0.0,0.0,0.0
56703,-uLIbovxYuE,30,40, /m/01h8n0,/m/05zppz,/m/09x0r ,0,0,0,0,0,0,0,0,0.0,0.0,0.0,0.0
56757,-uO_tSUjSHs,30,40, /m/02qldy,/m/05zppz,/m/09x0r ,0,0,0,0,0,0,0,0,0.0,0.0,0.0,0.0
56817,-uSnNxwqhh8,30,40, /m/02qldy,/m/05zppz,/m/09x0r ,0,0,0,0,0,0,0,0,0.0,0.0,0.0,0.0
56824,-uTWiuNdiIg,30,40, /m/02qldy,/m/05zppz,/m/09x0r ,0,0,0,0,0,0,0,0,0.0,0.0,0.0,0.0
56905,-uYv5mWJ13M,30,40, /m/02qldy,/m/05zppz,/m/09x0r ,0,0,0,0,0,0,0,0,0.0,0.0,0.0,0.0
57103,-uk_LyT1QVI,30,40, /m/02qldy,/m/05zppz,/m/09x0r ,0,0,0,0,0,0,0,0,0.0,0.0,0.0,0.0
57204,-ut7AokjCvo,30,40, /m/02qldy,/m/05zppz,/m/09x0r ,0,0,0,0,0,0,0,0,0.0,0.0,0.0,0.0
57275,-uwS_Hb4xFY,30,40, /m/02qldy,/m/05zppz,/m/09x0r ,0,0,0,0,0,0,0,0,0.0,0.0,0.0,0.0
57378,-v1p5WprSzI,30,40, /m/02qldy,/m/05zppz,/m/09x0r ,0,0,0,0,0,0,0,0,0.0,0.0,0.0,0.0
57511,-v9k87jYE0Q,30,40, /m/02qldy,/m/05zppz,/m/09x0r,/m/0brhx ,0,0,0,0,0,0,0,0.0,0.0,0.0,0.0
57560,-vD_aIOOH2w,30,40, /m/02qldy,/m/05zppz,/m/09x0r ,0,0,0,0,0,0,0,0,0.0,0.0,0.0,0.0
57572,-vEWG8F_EE4,30,40, /m/02qldy,/m/05zppz,/m/09x0r ,0,0,0,0,0,0,0,0,0.0,0.0,0.0,0.0
57803,-vTBVU-7Uf8,30,40, /m/02qldy,/m/05zppz,/m/09x0r ,0,0,0,0,0,0,0,0,0.0,0.0,0.0,0.0
57901,-v_0rhBaWfQ,30,40, /m/01h8n0,/m/05zppz,/m/09x0r ,0,0,0,0,0,0,0,0,0.0,0.0,0.0,0.0
58074,-vkMiOiArDw,30,40, /m/02qldy,/m/05zppz,/m/09x0r ,0,0,0,0,0,0,0,0,0.0,0.0,0.0,0.0
58307,-vzUrEQErvE,30,40, /m/02qldy,/m/05zppz,/m/09x0r ,0,0,0,0,0,0,0,0,0.0,0.0,0.0,0.0
58571,-wHQeqHaviI,30,40, /m/02qldy,/m/05zppz,/m/09x0r ,0,0,0,0,0,0,0,0,0.0,0.0,0.0,0.0
59009,-wl9-tdrNNU,30,40, /m/01h8n0,/m/05zppz,/m/09x0r ,0,0,0,0,0,0,0,0,0.0,0.0,0.0,0.0
59257,-x1JLdRWdIM,30,40, /m/02qldy,/m/05zppz,/m/09x0r ,0,0,0,0,0,0,0,0,0.0,0.0,0.0,0.0
59453,-xEYdzpFcyM,30,40, /m/01h8n0,/m/05zppz,/m/09x0r ,0,0,0,0,0,0,0,0,0.0,0.0,0.0,0.0
59522,-xKzlnUBEa8,30,40, /m/02qldy,/m/05zppz,/m/09x0r ,0,0,0,0,0,0,0,0,0.0,0.0,0.0,0.0
59564,-xOG9NgkAzE,30,40, /m/02qldy,/m/05zppz,/m/09x0r ,0,0,0,0,0,0,0,0,0.0,0.0,0.0,0.0
59608,-xRb8FGK3U0,30,40, /m/02qldy,/m/05zppz,/m/09x0r ,0,0,0,0,0,0,0,0,0.0,0.0,0.0,0.0
59634,-xSwVSwMBwY,30,40, /m/02qldy,/m/05zppz,/m/09x0r ,0,0,0,0,0,0,0,0,0.0,0.0,0.0,0.0
59877,-xhUX3Moubc,30,40, /m/02qldy,/m/05zppz,/m/09x0r ,0,0,0,0,0,0,0,0,0.0,0.0,0.0,0.0
59993,-xoU7NLodIM,30,40, /m/02qldy,/m/05zppz,/m/09x0r ,0,0,0,0,0,0,0,0,0.0,0.0,0.0,0.0
60145,-xzAx7mWpSU,30,40, /m/02qldy,/m/05zppz,/m/09x0r ,0,0,0,0,0,0,0,0,0.0,0.0,0.0,0.0
60284,-y7H13l7mTg,30,40, /m/02qldy,/m/05zppz,/m/09x0r ,0,0,0,0,0,0,0,0,0.0,0.0,0.0,0.0
60551,-yNaUfYJsdo,30,40, /m/02qldy,/m/05zppz,/m/09x0r ,0,0,0,0,0,0,0,0,0.0,0.0,0.0,0.0
60648,-yTw3oPiauI,30,40, /m/02qldy,/m/05zppz,/m/09x0r ,0,0,0,0,0,0,0,0,0.0,0.0,0.0,0.0
60754,-yb95hjiXdE,30,40, /m/02qldy,/m/05zppz,/m/09x0r ,0,0,0,0,0,0,0,0,0.0,0.0,0.0,0.0
60921,-yliBocqK3E,30,40, /m/02qldy,/m/05zppz,/m/09x0r ,0,0,0,0,0,0,0,0,0.0,0.0,0.0,0.0
60984,-ypg4VhPQzg,30,40, /m/02qldy,/m/05zppz,/m/09x0r ,0,0,0,0,0,0,0,0,0.0,0.0,0.0,0.0
61051,-yuWPbMENd0,30,40, /m/02qldy,/m/05zppz,/m/09x0r ,0,0,0,0,0,0,0,0,0.0,0.0,0.0,0.0
61237,-z5xJTvYkiw,30,40, /m/02qldy,/m/05zppz,/m/09x0r ,0,0,0,0,0,0,0,0,0.0,0.0,0.0,0.0
61287,-z9Iv2QjWvQ,30,40, /m/02qldy,/m/05zppz,/m/09x0r ,0,0,0,0,0,0,0,0,0.0,0.0,0.0,0.0
61292,-z9gvM8yEHk,30,40, /m/02qldy,/m/05zppz,/m/09x0r ,0,0,0,0,0,0,0,0,0.0,0.0,0.0,0.0
61326,-zCQ-VOfZbA,30,40, /m/02qldy,/m/05zppz,/m/09x0r ,0,0,0,0,0,0,0,0,0.0,0.0,0.0,0.0
61444,-zK1VqiZTBM,30,40, /m/02qldy,/m/05zppz,/m/09x0r ,0,0,0,0,0,0,0,0,0.0,0.0,0.0,0.0
61577,-zSNL1iZ-Sg,260,270, /m/01h8n0,/m/05zppz,/m/09x0r ,0,0,0,0,0,0,0,0,0.0,0.0,0.0,0.0
61579,-zSiqKt1JqQ,30,40, /m/02qldy,/m/05zppz,/m/09x0r ,0,0,0,0,0,0,0,0,0.0,0.0,0.0,0.0
61635,-zVoYbHm_oM,21,31, /m/02qldy,/m/05zppz,/m/09x0r ,0,0,0,0,0,0,0,0,0.0,0.0,0.0,0.0
61728,-zaaizlP3dY,30,40, /m/02qldy,/m/05zppz,/m/09x0r ,0,0,0,0,0,0,0,0,0.0,0.0,0.0,0.0
61778,-ze7jY3Or4U,30,40, /m/02qldy,/m/05zppz,/m/09x0r ,0,0,0,0,0,0,0,0,0.0,0.0,0.0,0.0
61822,-zgfAomBv3E,30,40, /m/02qldy,/m/05zppz,/m/09x0r ,0,0,0,0,0,0,0,0,0.0,0.0,0.0,0.0
61828,-zh1KG0sDnQ,30,40, /m/02qldy,/m/05zppz,/m/09x0r ,0,0,0,0,0,0,0,0,0.0,0.0,0.0,0.0
61841,-zi41S_UYRM,30,40, /m/02qldy,/m/05zppz,/m/09x0r ,0,0,0,0,0,0,0,0,0.0,0.0,0.0,0.0
62017,-zuJxC4k5bM,30,40, /m/02qldy,/m/05zppz,/m/09x0r ,0,0,0,0,0,0,0,0,0.0,0.0,0.0,0.0
62680,0-e-6uYF3Tw,30,40, /m/02qldy,/m/05zppz,/m/09x0r ,0,0,0,0,0,0,0,0,0.0,0.0,0.0,0.0
62830,0-mZYGykPJQ,30,40, /m/02qldy,/m/05zppz,/m/09x0r ,0,0,0,0,0,0,0,0,0.0,0.0,0.0,0.0
62832,0-mndsdlHCQ,280,290, /m/04rlf,/m/05zppz,/m/09x0r ,0,0,0,0,0,0,0,0,0.0,0.0,0.0,0.0
62875,0-p1NbcKmdw,30,40, /m/02qldy,/m/05zppz,/m/09x0r ,0,0,0,0,0,0,0,0,0.0,0.0,0.0,0.0
63033,0-zYaC_Ph4s,30,40, /m/02qldy,/m/05zppz,/m/09x0r ,0,0,0,0,0,0,0,0,0.0,0.0,0.0,0.0
63478,00RUzKCmCy8,30,40, /m/02qldy,/m/05zppz,/m/09x0r ,0,0,0,0,0,0,0,0,0.0,0.0,0.0,0.0
63808,00m_l9_DH70,30,40, /m/02qldy,/m/05zppz,/m/09x0r ,0,0,0,0,0,0,0,0,0.0,0.0,0.0,0.0
63833,00oF7AShmY0,30,40, /m/02qldy,/m/05zppz,/m/09x0r ,0,0,0,0,0,0,0,0,0.0,0.0,0.0,0.0
63846,00p3p2bdy2M,30,40, /m/02qldy,/m/05zppz,/m/09x0r ,0,0,0,0,0,0,0,0,0.0,0.0,0.0,0.0
63945,00vFUGkOejQ,6,16, /m/02qldy,/m/05zppz,/m/09x0r ,0,0,0,0,0,0,0,0,0.0,0.0,0.0,0.0
63949,00vW6hUFKRQ,30,40, /m/02qldy,/m/05zppz,/m/09x0r ,0,0,0,0,0,0,0,0,0.0,0.0,0.0,0.0
64133,018WshwFA94,30,40, /m/02qldy,/m/05zppz,/m/09x0r ,0,0,0,0,0,0,0,0,0.0,0.0,0.0,0.0
64144,019ILm9873o,27,37, /m/02qldy,/m/05zppz,/m/09x0r ,0,0,0,0,0,0,0,0,0.0,0.0,0.0,0.0
64179,01C4ikMpAks,30,40, /m/02qldy,/m/05zppz,/m/09x0r ,0,0,0,0,0,0,0,0,0.0,0.0,0.0,0.0
64207,01E4xysUDvc,30,40, /m/02qldy,/m/05zppz,/m/09x0r ,0,0,0,0,0,0,0,0,0.0,0.0,0.0,0.0
64220,01EtjUk6KFw,30,40, /m/02qldy,/m/05zppz,/m/09x0r ,0,0,0,0,0,0,0,0,0.0,0.0,0.0,0.0
64232,01G-C9ycFys,30,40, /m/02qldy,/m/05zppz,/m/09x0r ,0,0,0,0,0,0,0,0,0.0,0.0,0.0,0.0
64482,01WPztJHYe8,30,40, /m/02qldy,/m/05zppz,/m/09x0r ,0,0,0,0,0,0,0,0,0.0,0.0,0.0,0.0
64502,01XQYq3qGn4,30,40, /m/02qldy,/m/05zppz,/m/09x0r ,0,0,0,0,0,0,0,0,0.0,0.0,0.0,0.0
64645,01g8a0iKY_4,150,160, /m/04rlf,/m/05zppz,/m/09x0r ,0,0,0,0,0,0,0,0,0.0,0.0,0.0,0.0
64775,01oX8k9mpD0,9,19, /m/02qldy,/m/05zppz,/m/09x0r ,0,0,0,0,0,0,0,0,0.0,0.0,0.0,0.0
64933,01yLnOB_Qzk,30,40, /m/02qldy,/m/05zppz,/m/09x0r ,0,0,0,0,0,0,0,0,0.0,0.0,0.0,0.0
65038,0245OEwISn4,30,40, /m/02qldy,/m/05zppz,/m/09x0r ,0,0,0,0,0,0,0,0,0.0,0.0,0.0,0.0
65258,02IW_hPpc9w,30,40, /m/02qldy,/m/05zppz,/m/09x0r ,0,0,0,0,0,0,0,0,0.0,0.0,0.0,0.0
